subject,contest,round,scenario,agent,prob,strength,effort
01peesrn9r6a,1,1,"F,L;F,L",1,NA,4,NA
01peesrn9r6a,1,1,"F,L;F,L",2,NA,5,85
01peesrn9r6a,1,2,"F,L;F,L",1,25,4,NA
01peesrn9r6a,1,2,"F,L;F,L",2,85,6,90
01peesrn9r6a,1,3,"F,L;F,L",1,98,4,50
01peesrn9r6a,1,3,"F,L;F,L",2,98,6,50
01peesrn9r6a,2,1,"F,F;F,F",1,NA,4,NA
01peesrn9r6a,2,1,"F,F;F,F",2,NA,4,NA
01peesrn9r6a,2,2,"F,F;F,F",1,50,4,NA
01peesrn9r6a,2,2,"F,F;F,F",2,50,4,NA
01peesrn9r6a,2,3,"F,F;F,F",1,99,1,NA
01peesrn9r6a,2,3,"F,F;F,F",2,99,1,NA
01peesrn9r6a,3,1,"L,L;L,L",1,NA,5,80
01peesrn9r6a,3,1,"L,L;L,L",2,NA,5,80
01peesrn9r6a,3,2,"L,L;L,L",1,80,6,80
01peesrn9r6a,3,2,"L,L;L,L",2,80,6,80
01peesrn9r6a,3,3,"L,L;L,L",1,98,6,50
01peesrn9r6a,3,3,"L,L;L,L",2,98,6,50
01peesrn9r6a,4,1,"F,L;L,L",1,NA,4,NA
01peesrn9r6a,4,1,"F,L;L,L",2,NA,6,80
01peesrn9r6a,4,2,"F,L;L,L",1,45,6,80
01peesrn9r6a,4,2,"F,L;L,L",2,55,7,85
01peesrn9r6a,4,3,"F,L;L,L",1,90,6,50
01peesrn9r6a,4,3,"F,L;L,L",2,90,7,50
01peesrn9r6a,5,1,"F,F;F,L",1,NA,3,NA
01peesrn9r6a,5,1,"F,F;F,L",2,NA,4,NA
01peesrn9r6a,5,2,"F,F;F,L",1,45,4,NA
01peesrn9r6a,5,2,"F,F;F,L",2,45,6,85
01peesrn9r6a,5,3,"F,F;F,L",1,75,4,NA
01peesrn9r6a,5,3,"F,F;F,L",2,75,5,NA
01peesrn9r6a,6,1,"F,F;L,L",1,NA,3,NA
01peesrn9r6a,6,1,"F,F;L,L",2,NA,2,NA
01peesrn9r6a,6,2,"F,F;L,L",1,40,6,85
01peesrn9r6a,6,2,"F,F;L,L",2,35,6,85
01peesrn9r6a,6,3,"F,F;L,L",1,90,6,50
01peesrn9r6a,6,3,"F,F;L,L",2,90,6,50
04r76uv3op0r,1,1,"F,F;F,L",1,NA,5,NA
04r76uv3op0r,1,1,"F,F;F,L",2,NA,5,NA
04r76uv3op0r,1,2,"F,F;F,L",1,30,5,NA
04r76uv3op0r,1,2,"F,F;F,L",2,30,5,5
04r76uv3op0r,1,3,"F,F;F,L",1,50,2,NA
04r76uv3op0r,1,3,"F,F;F,L",2,50,5,NA
04r76uv3op0r,2,1,"F,F;L,L",1,NA,5,NA
04r76uv3op0r,2,1,"F,F;L,L",2,NA,5,NA
04r76uv3op0r,2,2,"F,F;L,L",1,45,5,50
04r76uv3op0r,2,2,"F,F;L,L",2,55,5,50
04r76uv3op0r,2,3,"F,F;L,L",1,90,5,50
04r76uv3op0r,2,3,"F,F;L,L",2,90,5,50
04r76uv3op0r,3,1,"F,F;F,F",1,NA,3,NA
04r76uv3op0r,3,1,"F,F;F,F",2,NA,5,NA
04r76uv3op0r,3,2,"F,F;F,F",1,30,4,NA
04r76uv3op0r,3,2,"F,F;F,F",2,50,4,NA
04r76uv3op0r,3,3,"F,F;F,F",1,20,4,NA
04r76uv3op0r,3,3,"F,F;F,F",2,20,4,NA
04r76uv3op0r,4,1,"L,L;L,L",1,NA,7,50
04r76uv3op0r,4,1,"L,L;L,L",2,NA,7,50
04r76uv3op0r,4,2,"L,L;L,L",1,85,8,50
04r76uv3op0r,4,2,"L,L;L,L",2,85,8,50
04r76uv3op0r,4,3,"L,L;L,L",1,100,8,50
04r76uv3op0r,4,3,"L,L;L,L",2,100,8,50
04r76uv3op0r,5,1,"F,L;F,L",1,NA,2,NA
04r76uv3op0r,5,1,"F,L;F,L",2,NA,5,30
04r76uv3op0r,5,2,"F,L;F,L",1,25,3,NA
04r76uv3op0r,5,2,"F,L;F,L",2,65,7,45
04r76uv3op0r,5,3,"F,L;F,L",1,10,4,70
04r76uv3op0r,5,3,"F,L;F,L",2,10,8,50
04r76uv3op0r,6,1,"F,L;L,L",1,NA,4,NA
04r76uv3op0r,6,1,"F,L;L,L",2,NA,5,35
04r76uv3op0r,6,2,"F,L;L,L",1,35,6,65
04r76uv3op0r,6,2,"F,L;L,L",2,90,7,45
04r76uv3op0r,6,3,"F,L;L,L",1,100,5,65
04r76uv3op0r,6,3,"F,L;L,L",2,100,8,40
0s4t8h8zv7dv,1,1,"F,F;F,F",1,NA,3,NA
0s4t8h8zv7dv,1,1,"F,F;F,F",2,NA,5,NA
0s4t8h8zv7dv,1,2,"F,F;F,F",1,30,2,NA
0s4t8h8zv7dv,1,2,"F,F;F,F",2,50,4,NA
0s4t8h8zv7dv,1,3,"F,F;F,F",1,75,1,NA
0s4t8h8zv7dv,1,3,"F,F;F,F",2,75,3,NA
0s4t8h8zv7dv,2,1,"F,L;F,L",1,NA,3,NA
0s4t8h8zv7dv,2,1,"F,L;F,L",2,NA,7,30
0s4t8h8zv7dv,2,2,"F,L;F,L",1,50,2,NA
0s4t8h8zv7dv,2,2,"F,L;F,L",2,80,8,90
0s4t8h8zv7dv,2,3,"F,L;F,L",1,95,2,50
0s4t8h8zv7dv,2,3,"F,L;F,L",2,95,8,90
0s4t8h8zv7dv,3,1,"F,F;L,L",1,NA,4,NA
0s4t8h8zv7dv,3,1,"F,F;L,L",2,NA,6,NA
0s4t8h8zv7dv,3,2,"F,F;L,L",1,40,6,60
0s4t8h8zv7dv,3,2,"F,F;L,L",2,60,7,70
0s4t8h8zv7dv,3,3,"F,F;L,L",1,100,6,80
0s4t8h8zv7dv,3,3,"F,F;L,L",2,100,7,70
0s4t8h8zv7dv,4,1,"F,L;L,L",1,NA,4,NA
0s4t8h8zv7dv,4,1,"F,L;L,L",2,NA,7,80
0s4t8h8zv7dv,4,2,"F,L;L,L",1,60,6,90
0s4t8h8zv7dv,4,2,"F,L;L,L",2,90,8,70
0s4t8h8zv7dv,4,3,"F,L;L,L",1,95,7,80
0s4t8h8zv7dv,4,3,"F,L;L,L",2,95,9,60
0s4t8h8zv7dv,5,1,"L,L;L,L",1,NA,7,80
0s4t8h8zv7dv,5,1,"L,L;L,L",2,NA,7,80
0s4t8h8zv7dv,5,2,"L,L;L,L",1,90,8,70
0s4t8h8zv7dv,5,2,"L,L;L,L",2,90,8,70
0s4t8h8zv7dv,5,3,"L,L;L,L",1,100,7,70
0s4t8h8zv7dv,5,3,"L,L;L,L",2,100,8,60
0s4t8h8zv7dv,6,1,"F,F;F,L",1,NA,5,NA
0s4t8h8zv7dv,6,1,"F,F;F,L",2,NA,5,NA
0s4t8h8zv7dv,6,2,"F,F;F,L",1,70,4,NA
0s4t8h8zv7dv,6,2,"F,F;F,L",2,60,7,80
0s4t8h8zv7dv,6,3,"F,F;F,L",1,60,3,NA
0s4t8h8zv7dv,6,3,"F,F;F,L",2,60,4,NA
0w8e158xe58k,1,1,"F,L;F,L",1,NA,3,NA
0w8e158xe58k,1,1,"F,L;F,L",2,NA,7,60
0w8e158xe58k,1,2,"F,L;F,L",1,30,3,NA
0w8e158xe58k,1,2,"F,L;F,L",2,80,7,70
0w8e158xe58k,1,3,"F,L;F,L",1,70,3,80
0w8e158xe58k,1,3,"F,L;F,L",2,70,7,70
0w8e158xe58k,2,1,"F,F;F,F",1,NA,3,NA
0w8e158xe58k,2,1,"F,F;F,F",2,NA,3,NA
0w8e158xe58k,2,2,"F,F;F,F",1,30,3,NA
0w8e158xe58k,2,2,"F,F;F,F",2,30,3,NA
0w8e158xe58k,2,3,"F,F;F,F",1,0,3,NA
0w8e158xe58k,2,3,"F,F;F,F",2,0,3,NA
0w8e158xe58k,3,1,"F,F;L,L",1,NA,3,NA
0w8e158xe58k,3,1,"F,F;L,L",2,NA,3,NA
0w8e158xe58k,3,2,"F,F;L,L",1,40,7,80
0w8e158xe58k,3,2,"F,F;L,L",2,40,7,80
0w8e158xe58k,3,3,"F,F;L,L",1,90,7,80
0w8e158xe58k,3,3,"F,F;L,L",2,90,7,80
0w8e158xe58k,4,1,"F,L;L,L",1,NA,3,NA
0w8e158xe58k,4,1,"F,L;L,L",2,NA,7,80
0w8e158xe58k,4,2,"F,L;L,L",1,30,5,80
0w8e158xe58k,4,2,"F,L;L,L",2,80,8,80
0w8e158xe58k,4,3,"F,L;L,L",1,100,8,80
0w8e158xe58k,4,3,"F,L;L,L",2,100,8,80
0w8e158xe58k,5,1,"L,L;L,L",1,NA,7,70
0w8e158xe58k,5,1,"L,L;L,L",2,NA,7,70
0w8e158xe58k,5,2,"L,L;L,L",1,90,7,80
0w8e158xe58k,5,2,"L,L;L,L",2,90,7,80
0w8e158xe58k,5,3,"L,L;L,L",1,100,8,80
0w8e158xe58k,5,3,"L,L;L,L",2,100,8,80
0w8e158xe58k,6,1,"F,F;F,L",1,NA,3,NA
0w8e158xe58k,6,1,"F,F;F,L",2,NA,3,NA
0w8e158xe58k,6,2,"F,F;F,L",1,30,3,NA
0w8e158xe58k,6,2,"F,F;F,L",2,30,7,80
0w8e158xe58k,6,3,"F,F;F,L",1,30,3,NA
0w8e158xe58k,6,3,"F,F;F,L",2,30,7,NA
27wbau6g83q7,1,1,"F,L;F,L",1,NA,5,NA
27wbau6g83q7,1,1,"F,L;F,L",2,NA,10,50
27wbau6g83q7,1,2,"F,L;F,L",1,75,2,NA
27wbau6g83q7,1,2,"F,L;F,L",2,100,10,50
27wbau6g83q7,1,3,"F,L;F,L",1,80,3,70
27wbau6g83q7,1,3,"F,L;F,L",2,80,10,50
27wbau6g83q7,2,1,"F,F;L,L",1,NA,4,NA
27wbau6g83q7,2,1,"F,F;L,L",2,NA,5,NA
27wbau6g83q7,2,2,"F,F;L,L",1,40,5,100
27wbau6g83q7,2,2,"F,F;L,L",2,60,5,100
27wbau6g83q7,2,3,"F,F;L,L",1,100,5,90
27wbau6g83q7,2,3,"F,F;L,L",2,100,5,90
27wbau6g83q7,3,1,"L,L;L,L",1,NA,6,100
27wbau6g83q7,3,1,"L,L;L,L",2,NA,8,50
27wbau6g83q7,3,2,"L,L;L,L",1,100,7,60
27wbau6g83q7,3,2,"L,L;L,L",2,100,8,50
27wbau6g83q7,3,3,"L,L;L,L",1,100,8,40
27wbau6g83q7,3,3,"L,L;L,L",2,100,8,40
27wbau6g83q7,4,1,"F,F;F,L",1,NA,4,NA
27wbau6g83q7,4,1,"F,F;F,L",2,NA,3,NA
27wbau6g83q7,4,2,"F,F;F,L",1,45,3,NA
27wbau6g83q7,4,2,"F,F;F,L",2,30,5,100
27wbau6g83q7,4,3,"F,F;F,L",1,100,2,NA
27wbau6g83q7,4,3,"F,F;F,L",2,100,5,NA
27wbau6g83q7,5,1,"F,L;L,L",1,NA,1,NA
27wbau6g83q7,5,1,"F,L;L,L",2,NA,10,50
27wbau6g83q7,5,2,"F,L;L,L",1,10,4,100
27wbau6g83q7,5,2,"F,L;L,L",2,100,10,50
27wbau6g83q7,5,3,"F,L;L,L",1,100,5,100
27wbau6g83q7,5,3,"F,L;L,L",2,100,10,50
27wbau6g83q7,6,1,"F,F;F,F",1,NA,4,NA
27wbau6g83q7,6,1,"F,F;F,F",2,NA,6,NA
27wbau6g83q7,6,2,"F,F;F,F",1,100,1,NA
27wbau6g83q7,6,2,"F,F;F,F",2,50,2,NA
27wbau6g83q7,6,3,"F,F;F,F",1,10,2,NA
27wbau6g83q7,6,3,"F,F;F,F",2,10,2,NA
30xp0532kx86,1,1,"F,F;L,L",1,NA,4,NA
30xp0532kx86,1,1,"F,F;L,L",2,NA,5,NA
30xp0532kx86,1,2,"F,F;L,L",1,75,6,80
30xp0532kx86,1,2,"F,F;L,L",2,70,7,60
30xp0532kx86,1,3,"F,F;L,L",1,100,8,50
30xp0532kx86,1,3,"F,F;L,L",2,100,6,50
30xp0532kx86,2,1,"F,F;F,F",1,NA,5,NA
30xp0532kx86,2,1,"F,F;F,F",2,NA,5,NA
30xp0532kx86,2,2,"F,F;F,F",1,95,3,NA
30xp0532kx86,2,2,"F,F;F,F",2,95,4,NA
30xp0532kx86,2,3,"F,F;F,F",1,65,1,NA
30xp0532kx86,2,3,"F,F;F,F",2,65,1,NA
30xp0532kx86,3,1,"L,L;L,L",1,NA,7,36
30xp0532kx86,3,1,"L,L;L,L",2,NA,7,40
30xp0532kx86,3,2,"L,L;L,L",1,100,8,30
30xp0532kx86,3,2,"L,L;L,L",2,100,8,30
30xp0532kx86,3,3,"L,L;L,L",1,100,7,20
30xp0532kx86,3,3,"L,L;L,L",2,100,7,20
30xp0532kx86,4,1,"F,F;F,L",1,NA,3,NA
30xp0532kx86,4,1,"F,F;F,L",2,NA,3,NA
30xp0532kx86,4,2,"F,F;F,L",1,51,2,NA
30xp0532kx86,4,2,"F,F;F,L",2,49,6,40
30xp0532kx86,4,3,"F,F;F,L",1,95,1,NA
30xp0532kx86,4,3,"F,F;F,L",2,95,5,NA
30xp0532kx86,5,1,"F,L;L,L",1,NA,2,NA
30xp0532kx86,5,1,"F,L;L,L",2,NA,5,40
30xp0532kx86,5,2,"F,L;L,L",1,75,5,30
30xp0532kx86,5,2,"F,L;L,L",2,100,6,30
30xp0532kx86,5,3,"F,L;L,L",1,100,5,20
30xp0532kx86,5,3,"F,L;L,L",2,100,7,30
30xp0532kx86,6,1,"F,L;F,L",1,NA,2,NA
30xp0532kx86,6,1,"F,L;F,L",2,NA,5,40
30xp0532kx86,6,2,"F,L;F,L",1,70,2,NA
30xp0532kx86,6,2,"F,L;F,L",2,100,6,40
30xp0532kx86,6,3,"F,L;F,L",1,70,2,20
30xp0532kx86,6,3,"F,L;F,L",2,70,8,50
3re9jfcsf0r6,1,1,"F,F;F,L",1,NA,7,NA
3re9jfcsf0r6,1,1,"F,F;F,L",2,NA,5,NA
3re9jfcsf0r6,1,2,"F,F;F,L",1,75,5,NA
3re9jfcsf0r6,1,2,"F,F;F,L",2,60,7,60
3re9jfcsf0r6,1,3,"F,F;F,L",1,100,5,NA
3re9jfcsf0r6,1,3,"F,F;F,L",2,100,7,NA
3re9jfcsf0r6,2,1,"F,F;L,L",1,NA,5,NA
3re9jfcsf0r6,2,1,"F,F;L,L",2,NA,5,NA
3re9jfcsf0r6,2,2,"F,F;L,L",1,70,7,40
3re9jfcsf0r6,2,2,"F,F;L,L",2,70,7,40
3re9jfcsf0r6,2,3,"F,F;L,L",1,100,7,50
3re9jfcsf0r6,2,3,"F,F;L,L",2,100,7,50
3re9jfcsf0r6,3,1,"F,L;L,L",1,NA,5,NA
3re9jfcsf0r6,3,1,"F,L;L,L",2,NA,7,80
3re9jfcsf0r6,3,2,"F,L;L,L",1,90,7,40
3re9jfcsf0r6,3,2,"F,L;L,L",2,100,7,40
3re9jfcsf0r6,3,3,"F,L;L,L",1,100,7,50
3re9jfcsf0r6,3,3,"F,L;L,L",2,100,7,50
3re9jfcsf0r6,4,1,"F,L;F,L",1,NA,7,NA
3re9jfcsf0r6,4,1,"F,L;F,L",2,NA,7,60
3re9jfcsf0r6,4,2,"F,L;F,L",1,80,4,NA
3re9jfcsf0r6,4,2,"F,L;F,L",2,100,7,60
3re9jfcsf0r6,4,3,"F,L;F,L",1,100,4,40
3re9jfcsf0r6,4,3,"F,L;F,L",2,100,7,60
3re9jfcsf0r6,5,1,"F,F;F,F",1,NA,5,NA
3re9jfcsf0r6,5,1,"F,F;F,F",2,NA,5,NA
3re9jfcsf0r6,5,2,"F,F;F,F",1,70,3,NA
3re9jfcsf0r6,5,2,"F,F;F,F",2,70,3,NA
3re9jfcsf0r6,5,3,"F,F;F,F",1,80,3,NA
3re9jfcsf0r6,5,3,"F,F;F,F",2,80,3,NA
3re9jfcsf0r6,6,1,"L,L;L,L",1,NA,7,40
3re9jfcsf0r6,6,1,"L,L;L,L",2,NA,7,40
3re9jfcsf0r6,6,2,"L,L;L,L",1,100,7,60
3re9jfcsf0r6,6,2,"L,L;L,L",2,100,7,60
3re9jfcsf0r6,6,3,"L,L;L,L",1,100,7,50
3re9jfcsf0r6,6,3,"L,L;L,L",2,100,7,50
447we5zygs1e,1,1,"F,F;F,L",1,NA,3,NA
447we5zygs1e,1,1,"F,F;F,L",2,NA,3,NA
447we5zygs1e,1,2,"F,F;F,L",1,42,3,NA
447we5zygs1e,1,2,"F,F;F,L",2,40,5,95
447we5zygs1e,1,3,"F,F;F,L",1,70,3,NA
447we5zygs1e,1,3,"F,F;F,L",2,70,4,NA
447we5zygs1e,2,1,"F,L;L,L",1,NA,4,NA
447we5zygs1e,2,1,"F,L;L,L",2,NA,8,92
447we5zygs1e,2,2,"F,L;L,L",1,30,4,66
447we5zygs1e,2,2,"F,L;L,L",2,75,7,92
447we5zygs1e,2,3,"F,L;L,L",1,85,4,70
447we5zygs1e,2,3,"F,L;L,L",2,85,8,95
447we5zygs1e,3,1,"L,L;L,L",1,NA,5,85
447we5zygs1e,3,1,"L,L;L,L",2,NA,5,85
447we5zygs1e,3,2,"L,L;L,L",1,67,6,88
447we5zygs1e,3,2,"L,L;L,L",2,67,7,89
447we5zygs1e,3,3,"L,L;L,L",1,95,6,92
447we5zygs1e,3,3,"L,L;L,L",2,95,6,92
447we5zygs1e,4,1,"F,F;F,F",1,NA,4,NA
447we5zygs1e,4,1,"F,F;F,F",2,NA,4,NA
447we5zygs1e,4,2,"F,F;F,F",1,40,3,NA
447we5zygs1e,4,2,"F,F;F,F",2,40,4,NA
447we5zygs1e,4,3,"F,F;F,F",1,30,3,NA
447we5zygs1e,4,3,"F,F;F,F",2,30,3,NA
447we5zygs1e,5,1,"F,F;L,L",1,NA,4,NA
447we5zygs1e,5,1,"F,F;L,L",2,NA,4,NA
447we5zygs1e,5,2,"F,F;L,L",1,35,5,80
447we5zygs1e,5,2,"F,F;L,L",2,40,5,80
447we5zygs1e,5,3,"F,F;L,L",1,87,5,87
447we5zygs1e,5,3,"F,F;L,L",2,87,5,89
447we5zygs1e,6,1,"F,L;F,L",1,NA,3,NA
447we5zygs1e,6,1,"F,L;F,L",2,NA,7,90
447we5zygs1e,6,2,"F,L;F,L",1,20,3,NA
447we5zygs1e,6,2,"F,L;F,L",2,80,7,92
447we5zygs1e,6,3,"F,L;F,L",1,50,3,76
447we5zygs1e,6,3,"F,L;F,L",2,50,7,93
4q283knzudh0,1,1,"F,F;F,L",1,NA,5,NA
4q283knzudh0,1,1,"F,F;F,L",2,NA,5,NA
4q283knzudh0,1,2,"F,F;F,L",1,80,3,NA
4q283knzudh0,1,2,"F,F;F,L",2,80,5,82
4q283knzudh0,1,3,"F,F;F,L",1,100,3,NA
4q283knzudh0,1,3,"F,F;F,L",2,100,5,NA
4q283knzudh0,2,1,"F,F;F,F",1,NA,5,NA
4q283knzudh0,2,1,"F,F;F,F",2,NA,5,NA
4q283knzudh0,2,2,"F,F;F,F",1,40,2,NA
4q283knzudh0,2,2,"F,F;F,F",2,40,2,NA
4q283knzudh0,2,3,"F,F;F,F",1,55,2,NA
4q283knzudh0,2,3,"F,F;F,F",2,55,2,NA
4q283knzudh0,3,1,"L,L;L,L",1,NA,7,85
4q283knzudh0,3,1,"L,L;L,L",2,NA,5,99
4q283knzudh0,3,2,"L,L;L,L",1,80,8,75
4q283knzudh0,3,2,"L,L;L,L",2,45,7,85
4q283knzudh0,3,3,"L,L;L,L",1,100,7,75
4q283knzudh0,3,3,"L,L;L,L",2,100,7,85
4q283knzudh0,4,1,"F,L;F,L",1,NA,4,NA
4q283knzudh0,4,1,"F,L;F,L",2,NA,6,89
4q283knzudh0,4,2,"F,L;F,L",1,48,3,NA
4q283knzudh0,4,2,"F,L;F,L",2,75,8,85
4q283knzudh0,4,3,"F,L;F,L",1,87,3,87
4q283knzudh0,4,3,"F,L;F,L",2,87,7,84
4q283knzudh0,5,1,"F,F;L,L",1,NA,3,NA
4q283knzudh0,5,1,"F,F;L,L",2,NA,4,NA
4q283knzudh0,5,2,"F,F;L,L",1,45,5,90
4q283knzudh0,5,2,"F,F;L,L",2,50,5,90
4q283knzudh0,5,3,"F,F;L,L",1,98,5,80
4q283knzudh0,5,3,"F,F;L,L",2,98,5,80
4q283knzudh0,6,1,"F,L;L,L",1,NA,3,NA
4q283knzudh0,6,1,"F,L;L,L",2,NA,7,75
4q283knzudh0,6,2,"F,L;L,L",1,40,5,100
4q283knzudh0,6,2,"F,L;L,L",2,95,7,80
4q283knzudh0,6,3,"F,L;L,L",1,95,5,82
4q283knzudh0,6,3,"F,L;L,L",2,95,7,78
50fb87vc0wfe,1,1,"F,L;L,L",1,NA,5,NA
50fb87vc0wfe,1,1,"F,L;L,L",2,NA,6,90
50fb87vc0wfe,1,2,"F,L;L,L",1,65,5,80
50fb87vc0wfe,1,2,"F,L;L,L",2,95,6,60
50fb87vc0wfe,1,3,"F,L;L,L",1,90,5,80
50fb87vc0wfe,1,3,"F,L;L,L",2,90,6,60
50fb87vc0wfe,2,1,"F,F;L,L",1,NA,5,NA
50fb87vc0wfe,2,1,"F,F;L,L",2,NA,5,NA
50fb87vc0wfe,2,2,"F,F;L,L",1,60,5,80
50fb87vc0wfe,2,2,"F,F;L,L",2,60,5,80
50fb87vc0wfe,2,3,"F,F;L,L",1,95,5,80
50fb87vc0wfe,2,3,"F,F;L,L",2,95,5,80
50fb87vc0wfe,3,1,"F,F;F,F",1,NA,5,NA
50fb87vc0wfe,3,1,"F,F;F,F",2,NA,5,NA
50fb87vc0wfe,3,2,"F,F;F,F",1,65,4,NA
50fb87vc0wfe,3,2,"F,F;F,F",2,65,4,NA
50fb87vc0wfe,3,3,"F,F;F,F",1,85,4,NA
50fb87vc0wfe,3,3,"F,F;F,F",2,85,4,NA
50fb87vc0wfe,4,1,"F,L;F,L",1,NA,5,NA
50fb87vc0wfe,4,1,"F,L;F,L",2,NA,6,90
50fb87vc0wfe,4,2,"F,L;F,L",1,65,5,NA
50fb87vc0wfe,4,2,"F,L;F,L",2,95,6,60
50fb87vc0wfe,4,3,"F,L;F,L",1,75,5,70
50fb87vc0wfe,4,3,"F,L;F,L",2,75,6,60
50fb87vc0wfe,5,1,"F,F;F,L",1,NA,5,NA
50fb87vc0wfe,5,1,"F,F;F,L",2,NA,5,NA
50fb87vc0wfe,5,2,"F,F;F,L",1,65,5,NA
50fb87vc0wfe,5,2,"F,F;F,L",2,65,5,80
50fb87vc0wfe,5,3,"F,F;F,L",1,80,5,NA
50fb87vc0wfe,5,3,"F,F;F,L",2,80,5,NA
50fb87vc0wfe,6,1,"L,L;L,L",1,NA,6,90
50fb87vc0wfe,6,1,"L,L;L,L",2,NA,6,90
50fb87vc0wfe,6,2,"L,L;L,L",1,95,6,60
50fb87vc0wfe,6,2,"L,L;L,L",2,95,6,60
50fb87vc0wfe,6,3,"L,L;L,L",1,95,6,60
50fb87vc0wfe,6,3,"L,L;L,L",2,95,6,60
519qrhe6zfak,1,1,"L,L;L,L",1,NA,7,60
519qrhe6zfak,1,1,"L,L;L,L",2,NA,7,60
519qrhe6zfak,1,2,"L,L;L,L",1,100,7,80
519qrhe6zfak,1,2,"L,L;L,L",2,100,7,80
519qrhe6zfak,1,3,"L,L;L,L",1,100,7,70
519qrhe6zfak,1,3,"L,L;L,L",2,100,7,70
519qrhe6zfak,2,1,"F,F;L,L",1,NA,5,NA
519qrhe6zfak,2,1,"F,F;L,L",2,NA,5,NA
519qrhe6zfak,2,2,"F,F;L,L",1,50,8,50
519qrhe6zfak,2,2,"F,F;L,L",2,50,8,50
519qrhe6zfak,2,3,"F,F;L,L",1,100,8,60
519qrhe6zfak,2,3,"F,F;L,L",2,100,8,60
519qrhe6zfak,3,1,"F,L;L,L",1,NA,5,NA
519qrhe6zfak,3,1,"F,L;L,L",2,NA,5,70
519qrhe6zfak,3,2,"F,L;L,L",1,70,7,75
519qrhe6zfak,3,2,"F,L;L,L",2,60,6,90
519qrhe6zfak,3,3,"F,L;L,L",1,100,7,50
519qrhe6zfak,3,3,"F,L;L,L",2,100,6,80
519qrhe6zfak,4,1,"F,F;F,F",1,NA,5,NA
519qrhe6zfak,4,1,"F,F;F,F",2,NA,5,NA
519qrhe6zfak,4,2,"F,F;F,F",1,60,3,NA
519qrhe6zfak,4,2,"F,F;F,F",2,60,3,NA
519qrhe6zfak,4,3,"F,F;F,F",1,25,3,NA
519qrhe6zfak,4,3,"F,F;F,F",2,25,3,NA
519qrhe6zfak,5,1,"F,L;F,L",1,NA,5,NA
519qrhe6zfak,5,1,"F,L;F,L",2,NA,5,75
519qrhe6zfak,5,2,"F,L;F,L",1,50,3,NA
519qrhe6zfak,5,2,"F,L;F,L",2,50,5,100
519qrhe6zfak,5,3,"F,L;F,L",1,60,3,100
519qrhe6zfak,5,3,"F,L;F,L",2,60,9,60
519qrhe6zfak,6,1,"F,F;F,L",1,NA,3,NA
519qrhe6zfak,6,1,"F,F;F,L",2,NA,3,NA
519qrhe6zfak,6,2,"F,F;F,L",1,40,3,NA
519qrhe6zfak,6,2,"F,F;F,L",2,40,6,80
519qrhe6zfak,6,3,"F,F;F,L",1,60,1,NA
519qrhe6zfak,6,3,"F,F;F,L",2,60,7,NA
5lhu2mn4z7fn,1,1,"F,F;F,F",1,NA,2,NA
5lhu2mn4z7fn,1,1,"F,F;F,F",2,NA,2,NA
5lhu2mn4z7fn,1,2,"F,F;F,F",1,50,3,NA
5lhu2mn4z7fn,1,2,"F,F;F,F",2,50,3,NA
5lhu2mn4z7fn,1,3,"F,F;F,F",1,25,1,NA
5lhu2mn4z7fn,1,3,"F,F;F,F",2,25,1,NA
5lhu2mn4z7fn,2,1,"F,F;L,L",1,NA,2,NA
5lhu2mn4z7fn,2,1,"F,F;L,L",2,NA,2,NA
5lhu2mn4z7fn,2,2,"F,F;L,L",1,50,5,75
5lhu2mn4z7fn,2,2,"F,F;L,L",2,50,5,75
5lhu2mn4z7fn,2,3,"F,F;L,L",1,100,5,50
5lhu2mn4z7fn,2,3,"F,F;L,L",2,100,5,50
5lhu2mn4z7fn,3,1,"L,L;L,L",1,NA,8,5
5lhu2mn4z7fn,3,1,"L,L;L,L",2,NA,8,5
5lhu2mn4z7fn,3,2,"L,L;L,L",1,75,10,5
5lhu2mn4z7fn,3,2,"L,L;L,L",2,75,10,5
5lhu2mn4z7fn,3,3,"L,L;L,L",1,100,9,100
5lhu2mn4z7fn,3,3,"L,L;L,L",2,100,9,100
5lhu2mn4z7fn,4,1,"F,F;F,L",1,NA,1,NA
5lhu2mn4z7fn,4,1,"F,F;F,L",2,NA,1,NA
5lhu2mn4z7fn,4,2,"F,F;F,L",1,50,1,NA
5lhu2mn4z7fn,4,2,"F,F;F,L",2,25,5,50
5lhu2mn4z7fn,4,3,"F,F;F,L",1,75,1,NA
5lhu2mn4z7fn,4,3,"F,F;F,L",2,75,5,NA
5lhu2mn4z7fn,5,1,"F,L;F,L",1,NA,1,NA
5lhu2mn4z7fn,5,1,"F,L;F,L",2,NA,10,50
5lhu2mn4z7fn,5,2,"F,L;F,L",1,25,1,NA
5lhu2mn4z7fn,5,2,"F,L;F,L",2,75,10,8
5lhu2mn4z7fn,5,3,"F,L;F,L",1,100,2,100
5lhu2mn4z7fn,5,3,"F,L;F,L",2,100,10,100
5lhu2mn4z7fn,6,1,"F,L;L,L",1,NA,5,NA
5lhu2mn4z7fn,6,1,"F,L;L,L",2,NA,10,100
5lhu2mn4z7fn,6,2,"F,L;L,L",1,100,5,100
5lhu2mn4z7fn,6,2,"F,L;L,L",2,25,10,100
5lhu2mn4z7fn,6,3,"F,L;L,L",1,100,5,100
5lhu2mn4z7fn,6,3,"F,L;L,L",2,100,10,100
6e78muckero8,1,1,"F,F;F,F",1,NA,5,NA
6e78muckero8,1,1,"F,F;F,F",2,NA,5,NA
6e78muckero8,1,2,"F,F;F,F",1,60,4,NA
6e78muckero8,1,2,"F,F;F,F",2,60,4,NA
6e78muckero8,1,3,"F,F;F,F",1,80,4,NA
6e78muckero8,1,3,"F,F;F,F",2,80,4,NA
6e78muckero8,2,1,"F,F;L,L",1,NA,5,NA
6e78muckero8,2,1,"F,F;L,L",2,NA,5,NA
6e78muckero8,2,2,"F,F;L,L",1,75,5,100
6e78muckero8,2,2,"F,F;L,L",2,75,5,100
6e78muckero8,2,3,"F,F;L,L",1,95,5,100
6e78muckero8,2,3,"F,F;L,L",2,95,5,100
6e78muckero8,3,1,"L,L;L,L",1,NA,6,50
6e78muckero8,3,1,"L,L;L,L",2,NA,6,50
6e78muckero8,3,2,"L,L;L,L",1,95,6,100
6e78muckero8,3,2,"L,L;L,L",2,95,6,100
6e78muckero8,3,3,"L,L;L,L",1,99,6,100
6e78muckero8,3,3,"L,L;L,L",2,99,6,100
6e78muckero8,4,1,"F,L;F,L",1,NA,4,NA
6e78muckero8,4,1,"F,L;F,L",2,NA,6,50
6e78muckero8,4,2,"F,L;F,L",1,20,4,NA
6e78muckero8,4,2,"F,L;F,L",2,95,6,100
6e78muckero8,4,3,"F,L;F,L",1,10,4,100
6e78muckero8,4,3,"F,L;F,L",2,10,6,100
6e78muckero8,5,1,"F,L;L,L",1,NA,4,NA
6e78muckero8,5,1,"F,L;L,L",2,NA,5,50
6e78muckero8,5,2,"F,L;L,L",1,25,4,100
6e78muckero8,5,2,"F,L;L,L",2,90,5,100
6e78muckero8,5,3,"F,L;L,L",1,95,4,100
6e78muckero8,5,3,"F,L;L,L",2,95,5,100
6e78muckero8,6,1,"F,F;F,L",1,NA,4,NA
6e78muckero8,6,1,"F,F;F,L",2,NA,4,NA
6e78muckero8,6,2,"F,F;F,L",1,25,4,NA
6e78muckero8,6,2,"F,F;F,L",2,25,5,100
6e78muckero8,6,3,"F,F;F,L",1,10,4,NA
6e78muckero8,6,3,"F,F;F,L",2,10,5,NA
6eg2fdhxg25z,1,1,"L,L;L,L",1,NA,5,100
6eg2fdhxg25z,1,1,"L,L;L,L",2,NA,5,100
6eg2fdhxg25z,1,2,"L,L;L,L",1,50,8,75
6eg2fdhxg25z,1,2,"L,L;L,L",2,50,8,75
6eg2fdhxg25z,1,3,"L,L;L,L",1,100,8,75
6eg2fdhxg25z,1,3,"L,L;L,L",2,100,8,75
6eg2fdhxg25z,2,1,"F,L;F,L",1,NA,3,NA
6eg2fdhxg25z,2,1,"F,L;F,L",2,NA,5,50
6eg2fdhxg25z,2,2,"F,L;F,L",1,40,2,NA
6eg2fdhxg25z,2,2,"F,L;F,L",2,70,8,75
6eg2fdhxg25z,2,3,"F,L;F,L",1,100,3,50
6eg2fdhxg25z,2,3,"F,L;F,L",2,100,8,100
6eg2fdhxg25z,3,1,"F,L;L,L",1,NA,4,NA
6eg2fdhxg25z,3,1,"F,L;L,L",2,NA,7,45
6eg2fdhxg25z,3,2,"F,L;L,L",1,30,8,100
6eg2fdhxg25z,3,2,"F,L;L,L",2,50,8,100
6eg2fdhxg25z,3,3,"F,L;L,L",1,100,8,80
6eg2fdhxg25z,3,3,"F,L;L,L",2,100,8,80
6eg2fdhxg25z,4,1,"F,F;L,L",1,NA,4,NA
6eg2fdhxg25z,4,1,"F,F;L,L",2,NA,4,NA
6eg2fdhxg25z,4,2,"F,F;L,L",1,40,8,100
6eg2fdhxg25z,4,2,"F,F;L,L",2,45,8,100
6eg2fdhxg25z,4,3,"F,F;L,L",1,100,8,80
6eg2fdhxg25z,4,3,"F,F;L,L",2,100,8,80
6eg2fdhxg25z,5,1,"F,F;F,F",1,NA,4,NA
6eg2fdhxg25z,5,1,"F,F;F,F",2,NA,4,NA
6eg2fdhxg25z,5,2,"F,F;F,F",1,50,4,NA
6eg2fdhxg25z,5,2,"F,F;F,F",2,50,4,NA
6eg2fdhxg25z,5,3,"F,F;F,F",1,100,2,NA
6eg2fdhxg25z,5,3,"F,F;F,F",2,100,2,NA
6eg2fdhxg25z,6,1,"F,F;F,L",1,NA,4,NA
6eg2fdhxg25z,6,1,"F,F;F,L",2,NA,4,NA
6eg2fdhxg25z,6,2,"F,F;F,L",1,40,4,NA
6eg2fdhxg25z,6,2,"F,F;F,L",2,40,7,80
6eg2fdhxg25z,6,3,"F,F;F,L",1,100,4,NA
6eg2fdhxg25z,6,3,"F,F;F,L",2,100,5,NA
6oa6f8zyoc3d,1,1,"L,L;L,L",1,NA,6,8
6oa6f8zyoc3d,1,1,"L,L;L,L",2,NA,7,9
6oa6f8zyoc3d,1,2,"L,L;L,L",1,100,8,50
6oa6f8zyoc3d,1,2,"L,L;L,L",2,100,5,75
6oa6f8zyoc3d,1,3,"L,L;L,L",1,100,6,75
6oa6f8zyoc3d,1,3,"L,L;L,L",2,100,5,75
6oa6f8zyoc3d,2,1,"F,L;F,L",1,NA,2,NA
6oa6f8zyoc3d,2,1,"F,L;F,L",2,NA,8,75
6oa6f8zyoc3d,2,2,"F,L;F,L",1,75,2,NA
6oa6f8zyoc3d,2,2,"F,L;F,L",2,100,10,80
6oa6f8zyoc3d,2,3,"F,L;F,L",1,75,2,25
6oa6f8zyoc3d,2,3,"F,L;F,L",2,75,10,100
6oa6f8zyoc3d,3,1,"F,F;F,F",1,NA,3,NA
6oa6f8zyoc3d,3,1,"F,F;F,F",2,NA,2,NA
6oa6f8zyoc3d,3,2,"F,F;F,F",1,50,1,NA
6oa6f8zyoc3d,3,2,"F,F;F,F",2,75,1,NA
6oa6f8zyoc3d,3,3,"F,F;F,F",1,75,1,NA
6oa6f8zyoc3d,3,3,"F,F;F,F",2,75,1,NA
6oa6f8zyoc3d,4,1,"F,F;F,L",1,NA,2,NA
6oa6f8zyoc3d,4,1,"F,F;F,L",2,NA,1,NA
6oa6f8zyoc3d,4,2,"F,F;F,L",1,20,2,NA
6oa6f8zyoc3d,4,2,"F,F;F,L",2,25,6,100
6oa6f8zyoc3d,4,3,"F,F;F,L",1,100,1,NA
6oa6f8zyoc3d,4,3,"F,F;F,L",2,100,5,NA
6oa6f8zyoc3d,5,1,"F,F;L,L",1,NA,2,NA
6oa6f8zyoc3d,5,1,"F,F;L,L",2,NA,3,NA
6oa6f8zyoc3d,5,2,"F,F;L,L",1,30,8,50
6oa6f8zyoc3d,5,2,"F,F;L,L",2,40,6,75
6oa6f8zyoc3d,5,3,"F,F;L,L",1,80,4,50
6oa6f8zyoc3d,5,3,"F,F;L,L",2,80,8,50
6oa6f8zyoc3d,6,1,"F,L;L,L",1,NA,2,NA
6oa6f8zyoc3d,6,1,"F,L;L,L",2,NA,6,50
6oa6f8zyoc3d,6,2,"F,L;L,L",1,50,8,100
6oa6f8zyoc3d,6,2,"F,L;L,L",2,75,6,50
6oa6f8zyoc3d,6,3,"F,L;L,L",1,100,6,50
6oa6f8zyoc3d,6,3,"F,L;L,L",2,100,8,50
6ykfphr4vw9n,1,1,"F,F;F,L",1,NA,4,NA
6ykfphr4vw9n,1,1,"F,F;F,L",2,NA,4,NA
6ykfphr4vw9n,1,2,"F,F;F,L",1,60,4,NA
6ykfphr4vw9n,1,2,"F,F;F,L",2,40,6,100
6ykfphr4vw9n,1,3,"F,F;F,L",1,90,4,NA
6ykfphr4vw9n,1,3,"F,F;F,L",2,90,6,NA
6ykfphr4vw9n,2,1,"F,F;L,L",1,NA,6,NA
6ykfphr4vw9n,2,1,"F,F;L,L",2,NA,6,NA
6ykfphr4vw9n,2,2,"F,F;L,L",1,50,8,100
6ykfphr4vw9n,2,2,"F,F;L,L",2,50,8,100
6ykfphr4vw9n,2,3,"F,F;L,L",1,100,8,100
6ykfphr4vw9n,2,3,"F,F;L,L",2,100,8,100
6ykfphr4vw9n,3,1,"F,F;F,F",1,NA,7,NA
6ykfphr4vw9n,3,1,"F,F;F,F",2,NA,7,NA
6ykfphr4vw9n,3,2,"F,F;F,F",1,80,3,NA
6ykfphr4vw9n,3,2,"F,F;F,F",2,80,3,NA
6ykfphr4vw9n,3,3,"F,F;F,F",1,70,2,NA
6ykfphr4vw9n,3,3,"F,F;F,F",2,70,2,NA
6ykfphr4vw9n,4,1,"F,L;F,L",1,NA,4,NA
6ykfphr4vw9n,4,1,"F,L;F,L",2,NA,8,100
6ykfphr4vw9n,4,2,"F,L;F,L",1,40,2,NA
6ykfphr4vw9n,4,2,"F,L;F,L",2,90,10,100
6ykfphr4vw9n,4,3,"F,L;F,L",1,80,3,70
6ykfphr4vw9n,4,3,"F,L;F,L",2,80,10,100
6ykfphr4vw9n,5,1,"L,L;L,L",1,NA,9,90
6ykfphr4vw9n,5,1,"L,L;L,L",2,NA,9,90
6ykfphr4vw9n,5,2,"L,L;L,L",1,80,9,100
6ykfphr4vw9n,5,2,"L,L;L,L",2,80,9,100
6ykfphr4vw9n,5,3,"L,L;L,L",1,90,9,100
6ykfphr4vw9n,5,3,"L,L;L,L",2,90,9,100
6ykfphr4vw9n,6,1,"F,L;L,L",1,NA,5,NA
6ykfphr4vw9n,6,1,"F,L;L,L",2,NA,8,90
6ykfphr4vw9n,6,2,"F,L;L,L",1,40,6,100
6ykfphr4vw9n,6,2,"F,L;L,L",2,80,8,100
6ykfphr4vw9n,6,3,"F,L;L,L",1,90,8,100
6ykfphr4vw9n,6,3,"F,L;L,L",2,90,9,100
7t9xoo20ty7w,1,1,"F,L;F,L",1,NA,4,NA
7t9xoo20ty7w,1,1,"F,L;F,L",2,NA,6,80
7t9xoo20ty7w,1,2,"F,L;F,L",1,40,4,NA
7t9xoo20ty7w,1,2,"F,L;F,L",2,95,6,90
7t9xoo20ty7w,1,3,"F,L;F,L",1,98,4,100
7t9xoo20ty7w,1,3,"F,L;F,L",2,98,6,30
7t9xoo20ty7w,2,1,"F,L;L,L",1,NA,5,NA
7t9xoo20ty7w,2,1,"F,L;L,L",2,NA,7,70
7t9xoo20ty7w,2,2,"F,L;L,L",1,85,5,100
7t9xoo20ty7w,2,2,"F,L;L,L",2,99,7,80
7t9xoo20ty7w,2,3,"F,L;L,L",1,99,5,30
7t9xoo20ty7w,2,3,"F,L;L,L",2,99,7,50
7t9xoo20ty7w,3,1,"L,L;L,L",1,NA,6,85
7t9xoo20ty7w,3,1,"L,L;L,L",2,NA,5,100
7t9xoo20ty7w,3,2,"L,L;L,L",1,99,6,90
7t9xoo20ty7w,3,2,"L,L;L,L",2,95,5,100
7t9xoo20ty7w,3,3,"L,L;L,L",1,99,6,40
7t9xoo20ty7w,3,3,"L,L;L,L",2,99,5,50
7t9xoo20ty7w,4,1,"F,F;F,F",1,NA,3,NA
7t9xoo20ty7w,4,1,"F,F;F,F",2,NA,4,NA
7t9xoo20ty7w,4,2,"F,F;F,F",1,40,4,NA
7t9xoo20ty7w,4,2,"F,F;F,F",2,50,3,NA
7t9xoo20ty7w,4,3,"F,F;F,F",1,60,4,NA
7t9xoo20ty7w,4,3,"F,F;F,F",2,60,3,NA
7t9xoo20ty7w,5,1,"F,F;F,L",1,NA,4,NA
7t9xoo20ty7w,5,1,"F,F;F,L",2,NA,3,NA
7t9xoo20ty7w,5,2,"F,F;F,L",1,25,4,NA
7t9xoo20ty7w,5,2,"F,F;F,L",2,5,5,100
7t9xoo20ty7w,5,3,"F,F;F,L",1,98,4,NA
7t9xoo20ty7w,5,3,"F,F;F,L",2,98,5,NA
7t9xoo20ty7w,6,1,"F,F;L,L",1,NA,4,NA
7t9xoo20ty7w,6,1,"F,F;L,L",2,NA,5,NA
7t9xoo20ty7w,6,2,"F,F;L,L",1,60,4,40
7t9xoo20ty7w,6,2,"F,F;L,L",2,70,5,50
7t9xoo20ty7w,6,3,"F,F;L,L",1,60,4,40
7t9xoo20ty7w,6,3,"F,F;L,L",2,60,5,50
7ytg5hjrcahy,1,1,"L,L;L,L",1,NA,6,80
7ytg5hjrcahy,1,1,"L,L;L,L",2,NA,7,70
7ytg5hjrcahy,1,2,"L,L;L,L",1,98,7,75
7ytg5hjrcahy,1,2,"L,L;L,L",2,100,8,60
7ytg5hjrcahy,1,3,"L,L;L,L",1,100,7,50
7ytg5hjrcahy,1,3,"L,L;L,L",2,100,8,50
7ytg5hjrcahy,2,1,"F,F;F,L",1,NA,3,NA
7ytg5hjrcahy,2,1,"F,F;F,L",2,NA,2,NA
7ytg5hjrcahy,2,2,"F,F;F,L",1,60,3,NA
7ytg5hjrcahy,2,2,"F,F;F,L",2,50,5,98
7ytg5hjrcahy,2,3,"F,F;F,L",1,62,3,NA
7ytg5hjrcahy,2,3,"F,F;F,L",2,62,4,NA
7ytg5hjrcahy,3,1,"F,F;F,F",1,NA,2,NA
7ytg5hjrcahy,3,1,"F,F;F,F",2,NA,3,NA
7ytg5hjrcahy,3,2,"F,F;F,F",1,30,2,NA
7ytg5hjrcahy,3,2,"F,F;F,F",2,80,2,NA
7ytg5hjrcahy,3,3,"F,F;F,F",1,10,2,NA
7ytg5hjrcahy,3,3,"F,F;F,F",2,10,2,NA
7ytg5hjrcahy,4,1,"F,L;F,L",1,NA,2,NA
7ytg5hjrcahy,4,1,"F,L;F,L",2,NA,9,40
7ytg5hjrcahy,4,2,"F,L;F,L",1,40,2,NA
7ytg5hjrcahy,4,2,"F,L;F,L",2,90,9,40
7ytg5hjrcahy,4,3,"F,L;F,L",1,60,5,100
7ytg5hjrcahy,4,3,"F,L;F,L",2,60,9,40
7ytg5hjrcahy,5,1,"F,L;L,L",1,NA,3,NA
7ytg5hjrcahy,5,1,"F,L;L,L",2,NA,6,80
7ytg5hjrcahy,5,2,"F,L;L,L",1,30,5,98
7ytg5hjrcahy,5,2,"F,L;L,L",2,70,7,52
7ytg5hjrcahy,5,3,"F,L;L,L",1,100,5,97
7ytg5hjrcahy,5,3,"F,L;L,L",2,100,7,10
7ytg5hjrcahy,6,1,"F,F;L,L",1,NA,2,NA
7ytg5hjrcahy,6,1,"F,F;L,L",2,NA,4,NA
7ytg5hjrcahy,6,2,"F,F;L,L",1,50,5,85
7ytg5hjrcahy,6,2,"F,F;L,L",2,20,5,80
7ytg5hjrcahy,6,3,"F,F;L,L",1,98,5,100
7ytg5hjrcahy,6,3,"F,F;L,L",2,98,5,98
88c2zvvcwppv,1,1,"F,F;F,L",1,NA,4,NA
88c2zvvcwppv,1,1,"F,F;F,L",2,NA,6,NA
88c2zvvcwppv,1,2,"F,F;F,L",1,20,5,NA
88c2zvvcwppv,1,2,"F,F;F,L",2,40,5,70
88c2zvvcwppv,1,3,"F,F;F,L",1,80,3,NA
88c2zvvcwppv,1,3,"F,F;F,L",2,80,7,NA
88c2zvvcwppv,2,1,"L,L;L,L",1,NA,4,20
88c2zvvcwppv,2,1,"L,L;L,L",2,NA,7,60
88c2zvvcwppv,2,2,"L,L;L,L",1,40,4,40
88c2zvvcwppv,2,2,"L,L;L,L",2,20,8,80
88c2zvvcwppv,2,3,"L,L;L,L",1,90,5,50
88c2zvvcwppv,2,3,"L,L;L,L",2,90,3,30
88c2zvvcwppv,3,1,"F,F;F,F",1,NA,5,NA
88c2zvvcwppv,3,1,"F,F;F,F",2,NA,9,NA
88c2zvvcwppv,3,2,"F,F;F,F",1,50,6,NA
88c2zvvcwppv,3,2,"F,F;F,F",2,70,3,NA
88c2zvvcwppv,3,3,"F,F;F,F",1,70,5,NA
88c2zvvcwppv,3,3,"F,F;F,F",2,70,7,NA
88c2zvvcwppv,4,1,"F,F;L,L",1,NA,4,NA
88c2zvvcwppv,4,1,"F,F;L,L",2,NA,8,NA
88c2zvvcwppv,4,2,"F,F;L,L",1,40,6,40
88c2zvvcwppv,4,2,"F,F;L,L",2,60,2,60
88c2zvvcwppv,4,3,"F,F;L,L",1,30,4,40
88c2zvvcwppv,4,3,"F,F;L,L",2,30,8,50
88c2zvvcwppv,5,1,"F,L;F,L",1,NA,5,NA
88c2zvvcwppv,5,1,"F,L;F,L",2,NA,2,60
88c2zvvcwppv,5,2,"F,L;F,L",1,70,3,NA
88c2zvvcwppv,5,2,"F,L;F,L",2,60,2,30
88c2zvvcwppv,5,3,"F,L;F,L",1,45,7,50
88c2zvvcwppv,5,3,"F,L;F,L",2,45,4,40
88c2zvvcwppv,6,1,"F,L;L,L",1,NA,3,NA
88c2zvvcwppv,6,1,"F,L;L,L",2,NA,7,70
88c2zvvcwppv,6,2,"F,L;L,L",1,30,6,80
88c2zvvcwppv,6,2,"F,L;L,L",2,70,6,20
88c2zvvcwppv,6,3,"F,L;L,L",1,80,3,34
88c2zvvcwppv,6,3,"F,L;L,L",2,80,7,56
895paftvvoj3,1,1,"F,F;L,L",1,NA,4,NA
895paftvvoj3,1,1,"F,F;L,L",2,NA,4,NA
895paftvvoj3,1,2,"F,F;L,L",1,0,5,100
895paftvvoj3,1,2,"F,F;L,L",2,0,5,100
895paftvvoj3,1,3,"F,F;L,L",1,100,5,50
895paftvvoj3,1,3,"F,F;L,L",2,100,5,50
895paftvvoj3,2,1,"F,L;L,L",1,NA,4,NA
895paftvvoj3,2,1,"F,L;L,L",2,NA,6,83
895paftvvoj3,2,2,"F,L;L,L",1,100,5,100
895paftvvoj3,2,2,"F,L;L,L",2,100,6,83
895paftvvoj3,2,3,"F,L;L,L",1,100,5,50
895paftvvoj3,2,3,"F,L;L,L",2,100,6,42
895paftvvoj3,3,1,"L,L;L,L",1,NA,7,71
895paftvvoj3,3,1,"L,L;L,L",2,NA,7,71
895paftvvoj3,3,2,"L,L;L,L",1,100,7,71
895paftvvoj3,3,2,"L,L;L,L",2,100,7,71
895paftvvoj3,3,3,"L,L;L,L",1,100,7,36
895paftvvoj3,3,3,"L,L;L,L",2,100,7,36
895paftvvoj3,4,1,"F,F;F,F",1,NA,5,NA
895paftvvoj3,4,1,"F,F;F,F",2,NA,5,NA
895paftvvoj3,4,2,"F,F;F,F",1,100,4,NA
895paftvvoj3,4,2,"F,F;F,F",2,100,4,NA
895paftvvoj3,4,3,"F,F;F,F",1,100,2,NA
895paftvvoj3,4,3,"F,F;F,F",2,100,2,NA
895paftvvoj3,5,1,"F,F;F,L",1,NA,5,NA
895paftvvoj3,5,1,"F,F;F,L",2,NA,5,NA
895paftvvoj3,5,2,"F,F;F,L",1,100,4,NA
895paftvvoj3,5,2,"F,F;F,L",2,100,5,100
895paftvvoj3,5,3,"F,F;F,L",1,100,4,NA
895paftvvoj3,5,3,"F,F;F,L",2,100,5,NA
895paftvvoj3,6,1,"F,L;F,L",1,NA,5,NA
895paftvvoj3,6,1,"F,L;F,L",2,NA,6,83
895paftvvoj3,6,2,"F,L;F,L",1,100,4,NA
895paftvvoj3,6,2,"F,L;F,L",2,100,6,83
895paftvvoj3,6,3,"F,L;F,L",1,100,4,63
895paftvvoj3,6,3,"F,L;F,L",2,100,6,42
9yx4py82bqtf,1,1,"F,F;F,F",1,NA,2,NA
9yx4py82bqtf,1,1,"F,F;F,F",2,NA,2,NA
9yx4py82bqtf,1,2,"F,F;F,F",1,40,1,NA
9yx4py82bqtf,1,2,"F,F;F,F",2,40,1,NA
9yx4py82bqtf,1,3,"F,F;F,F",1,0,1,NA
9yx4py82bqtf,1,3,"F,F;F,F",2,0,1,NA
9yx4py82bqtf,2,1,"F,F;L,L",1,NA,2,NA
9yx4py82bqtf,2,1,"F,F;L,L",2,NA,2,NA
9yx4py82bqtf,2,2,"F,F;L,L",1,20,5,70
9yx4py82bqtf,2,2,"F,F;L,L",2,20,5,70
9yx4py82bqtf,2,3,"F,F;L,L",1,50,7,75
9yx4py82bqtf,2,3,"F,F;L,L",2,50,7,75
9yx4py82bqtf,3,1,"F,L;L,L",1,NA,3,NA
9yx4py82bqtf,3,1,"F,L;L,L",2,NA,5,75
9yx4py82bqtf,3,2,"F,L;L,L",1,40,5,90
9yx4py82bqtf,3,2,"F,L;L,L",2,60,7,70
9yx4py82bqtf,3,3,"F,L;L,L",1,75,5,90
9yx4py82bqtf,3,3,"F,L;L,L",2,75,7,75
9yx4py82bqtf,4,1,"F,F;F,L",1,NA,2,NA
9yx4py82bqtf,4,1,"F,F;F,L",2,NA,2,NA
9yx4py82bqtf,4,2,"F,F;F,L",1,25,2,NA
9yx4py82bqtf,4,2,"F,F;F,L",2,25,5,80
9yx4py82bqtf,4,3,"F,F;F,L",1,30,2,NA
9yx4py82bqtf,4,3,"F,F;F,L",2,30,5,NA
9yx4py82bqtf,5,1,"F,L;F,L",1,NA,3,NA
9yx4py82bqtf,5,1,"F,L;F,L",2,NA,6,70
9yx4py82bqtf,5,2,"F,L;F,L",1,20,2,NA
9yx4py82bqtf,5,2,"F,L;F,L",2,60,7,80
9yx4py82bqtf,5,3,"F,L;F,L",1,30,3,100
9yx4py82bqtf,5,3,"F,L;F,L",2,30,9,85
9yx4py82bqtf,6,1,"L,L;L,L",1,NA,8,75
9yx4py82bqtf,6,1,"L,L;L,L",2,NA,8,75
9yx4py82bqtf,6,2,"L,L;L,L",1,80,9,80
9yx4py82bqtf,6,2,"L,L;L,L",2,80,9,80
9yx4py82bqtf,6,3,"L,L;L,L",1,100,9,90
9yx4py82bqtf,6,3,"L,L;L,L",2,100,9,90
a17omtspm1w0,1,1,"F,F;F,F",1,NA,3,NA
a17omtspm1w0,1,1,"F,F;F,F",2,NA,3,NA
a17omtspm1w0,1,2,"F,F;F,F",1,16,2,NA
a17omtspm1w0,1,2,"F,F;F,F",2,31,2,NA
a17omtspm1w0,1,3,"F,F;F,F",1,8,2,NA
a17omtspm1w0,1,3,"F,F;F,F",2,8,2,NA
a17omtspm1w0,2,1,"F,F;L,L",1,NA,2,NA
a17omtspm1w0,2,1,"F,F;L,L",2,NA,2,NA
a17omtspm1w0,2,2,"F,F;L,L",1,17,7,74
a17omtspm1w0,2,2,"F,F;L,L",2,21,5,59
a17omtspm1w0,2,3,"F,F;L,L",1,78,7,4
a17omtspm1w0,2,3,"F,F;L,L",2,78,5,6
a17omtspm1w0,3,1,"F,F;F,L",1,NA,4,NA
a17omtspm1w0,3,1,"F,F;F,L",2,NA,3,NA
a17omtspm1w0,3,2,"F,F;F,L",1,36,3,NA
a17omtspm1w0,3,2,"F,F;F,L",2,43,6,45
a17omtspm1w0,3,3,"F,F;F,L",1,24,3,NA
a17omtspm1w0,3,3,"F,F;F,L",2,24,6,NA
a17omtspm1w0,4,1,"L,L;L,L",1,NA,8,80
a17omtspm1w0,4,1,"L,L;L,L",2,NA,5,100
a17omtspm1w0,4,2,"L,L;L,L",1,87,8,74
a17omtspm1w0,4,2,"L,L;L,L",2,87,6,85
a17omtspm1w0,4,3,"L,L;L,L",1,100,8,56
a17omtspm1w0,4,3,"L,L;L,L",2,100,8,67
a17omtspm1w0,5,1,"F,L;F,L",1,NA,4,NA
a17omtspm1w0,5,1,"F,L;F,L",2,NA,7,70
a17omtspm1w0,5,2,"F,L;F,L",1,43,4,NA
a17omtspm1w0,5,2,"F,L;F,L",2,86,7,69
a17omtspm1w0,5,3,"F,L;F,L",1,24,4,100
a17omtspm1w0,5,3,"F,L;F,L",2,24,8,54
a17omtspm1w0,6,1,"F,L;L,L",1,NA,4,NA
a17omtspm1w0,6,1,"F,L;L,L",2,NA,5,67
a17omtspm1w0,6,2,"F,L;L,L",1,56,5,85
a17omtspm1w0,6,2,"F,L;L,L",2,100,8,65
a17omtspm1w0,6,3,"F,L;L,L",1,100,6,65
a17omtspm1w0,6,3,"F,L;L,L",2,100,8,67
cg52uwv51joh,1,1,"F,L;F,L",1,NA,6,NA
cg52uwv51joh,1,1,"F,L;F,L",2,NA,8,90
cg52uwv51joh,1,2,"F,L;F,L",1,88,3,NA
cg52uwv51joh,1,2,"F,L;F,L",2,90,9,90
cg52uwv51joh,1,3,"F,L;F,L",1,80,5,30
cg52uwv51joh,1,3,"F,L;F,L",2,80,8,70
cg52uwv51joh,2,1,"F,L;L,L",1,NA,3,NA
cg52uwv51joh,2,1,"F,L;L,L",2,NA,6,80
cg52uwv51joh,2,2,"F,L;L,L",1,65,7,90
cg52uwv51joh,2,2,"F,L;L,L",2,80,5,70
cg52uwv51joh,2,3,"F,L;L,L",1,90,7,90
cg52uwv51joh,2,3,"F,L;L,L",2,90,5,70
cg52uwv51joh,3,1,"F,F;F,F",1,NA,3,NA
cg52uwv51joh,3,1,"F,F;F,F",2,NA,3,NA
cg52uwv51joh,3,2,"F,F;F,F",1,40,2,NA
cg52uwv51joh,3,2,"F,F;F,F",2,40,2,NA
cg52uwv51joh,3,3,"F,F;F,F",1,40,2,NA
cg52uwv51joh,3,3,"F,F;F,F",2,40,2,NA
cg52uwv51joh,4,1,"L,L;L,L",1,NA,7,85
cg52uwv51joh,4,1,"L,L;L,L",2,NA,7,85
cg52uwv51joh,4,2,"L,L;L,L",1,90,7,80
cg52uwv51joh,4,2,"L,L;L,L",2,90,7,80
cg52uwv51joh,4,3,"L,L;L,L",1,95,7,80
cg52uwv51joh,4,3,"L,L;L,L",2,95,7,80
cg52uwv51joh,5,1,"F,F;F,L",1,NA,4,NA
cg52uwv51joh,5,1,"F,F;F,L",2,NA,4,NA
cg52uwv51joh,5,2,"F,F;F,L",1,40,3,NA
cg52uwv51joh,5,2,"F,F;F,L",2,40,5,75
cg52uwv51joh,5,3,"F,F;F,L",1,65,2,NA
cg52uwv51joh,5,3,"F,F;F,L",2,65,6,NA
cg52uwv51joh,6,1,"F,F;L,L",1,NA,4,NA
cg52uwv51joh,6,1,"F,F;L,L",2,NA,4,NA
cg52uwv51joh,6,2,"F,F;L,L",1,50,5,70
cg52uwv51joh,6,2,"F,F;L,L",2,50,5,70
cg52uwv51joh,6,3,"F,F;L,L",1,50,6,85
cg52uwv51joh,6,3,"F,F;L,L",2,50,6,85
cu32ucuaja5a,1,1,"F,L;L,L",1,NA,2,NA
cu32ucuaja5a,1,1,"F,L;L,L",2,NA,6,50
cu32ucuaja5a,1,2,"F,L;L,L",1,5,7,65
cu32ucuaja5a,1,2,"F,L;L,L",2,60,7,80
cu32ucuaja5a,1,3,"F,L;L,L",1,99,7,80
cu32ucuaja5a,1,3,"F,L;L,L",2,99,7,50
cu32ucuaja5a,2,1,"F,F;F,F",1,NA,1,NA
cu32ucuaja5a,2,1,"F,F;F,F",2,NA,1,NA
cu32ucuaja5a,2,2,"F,F;F,F",1,25,2,NA
cu32ucuaja5a,2,2,"F,F;F,F",2,25,2,NA
cu32ucuaja5a,2,3,"F,F;F,F",1,40,1,NA
cu32ucuaja5a,2,3,"F,F;F,F",2,40,1,NA
cu32ucuaja5a,3,1,"F,F;L,L",1,NA,3,NA
cu32ucuaja5a,3,1,"F,F;L,L",2,NA,3,NA
cu32ucuaja5a,3,2,"F,F;L,L",1,20,8,80
cu32ucuaja5a,3,2,"F,F;L,L",2,20,8,80
cu32ucuaja5a,3,3,"F,F;L,L",1,99,8,90
cu32ucuaja5a,3,3,"F,F;L,L",2,99,8,90
cu32ucuaja5a,4,1,"F,L;F,L",1,NA,2,NA
cu32ucuaja5a,4,1,"F,L;F,L",2,NA,4,50
cu32ucuaja5a,4,2,"F,L;F,L",1,40,3,NA
cu32ucuaja5a,4,2,"F,L;F,L",2,60,8,60
cu32ucuaja5a,4,3,"F,L;F,L",1,85,2,90
cu32ucuaja5a,4,3,"F,L;F,L",2,85,8,50
cu32ucuaja5a,5,1,"F,F;F,L",1,NA,2,NA
cu32ucuaja5a,5,1,"F,F;F,L",2,NA,2,NA
cu32ucuaja5a,5,2,"F,F;F,L",1,40,3,NA
cu32ucuaja5a,5,2,"F,F;F,L",2,40,6,50
cu32ucuaja5a,5,3,"F,F;F,L",1,50,3,NA
cu32ucuaja5a,5,3,"F,F;F,L",2,50,3,NA
cu32ucuaja5a,6,1,"L,L;L,L",1,NA,5,50
cu32ucuaja5a,6,1,"L,L;L,L",2,NA,5,50
cu32ucuaja5a,6,2,"L,L;L,L",1,60,7,80
cu32ucuaja5a,6,2,"L,L;L,L",2,60,7,80
cu32ucuaja5a,6,3,"L,L;L,L",1,99,8,80
cu32ucuaja5a,6,3,"L,L;L,L",2,99,8,80
fcmmba5devel,1,1,"F,L;L,L",1,NA,5,NA
fcmmba5devel,1,1,"F,L;L,L",2,NA,1,50
fcmmba5devel,1,2,"F,L;L,L",1,50,5,100
fcmmba5devel,1,2,"F,L;L,L",2,100,5,50
fcmmba5devel,1,3,"F,L;L,L",1,100,1,75
fcmmba5devel,1,3,"F,L;L,L",2,100,5,50
fcmmba5devel,2,1,"F,F;F,L",1,NA,1,NA
fcmmba5devel,2,1,"F,F;F,L",2,NA,1,NA
fcmmba5devel,2,2,"F,F;F,L",1,50,1,NA
fcmmba5devel,2,2,"F,F;F,L",2,50,5,100
fcmmba5devel,2,3,"F,F;F,L",1,100,1,NA
fcmmba5devel,2,3,"F,F;F,L",2,100,5,NA
fcmmba5devel,3,1,"L,L;L,L",1,NA,5,50
fcmmba5devel,3,1,"L,L;L,L",2,NA,5,50
fcmmba5devel,3,2,"L,L;L,L",1,75,5,75
fcmmba5devel,3,2,"L,L;L,L",2,75,5,75
fcmmba5devel,3,3,"L,L;L,L",1,100,5,50
fcmmba5devel,3,3,"L,L;L,L",2,100,5,50
fcmmba5devel,4,1,"F,L;F,L",1,NA,1,NA
fcmmba5devel,4,1,"F,L;F,L",2,NA,5,50
fcmmba5devel,4,2,"F,L;F,L",1,25,1,NA
fcmmba5devel,4,2,"F,L;F,L",2,75,5,75
fcmmba5devel,4,3,"F,L;F,L",1,50,1,50
fcmmba5devel,4,3,"F,L;F,L",2,50,7,50
fcmmba5devel,5,1,"F,F;F,F",1,NA,1,NA
fcmmba5devel,5,1,"F,F;F,F",2,NA,1,NA
fcmmba5devel,5,2,"F,F;F,F",1,50,1,NA
fcmmba5devel,5,2,"F,F;F,F",2,50,1,NA
fcmmba5devel,5,3,"F,F;F,F",1,25,1,NA
fcmmba5devel,5,3,"F,F;F,F",2,25,1,NA
fcmmba5devel,6,1,"F,F;L,L",1,NA,1,NA
fcmmba5devel,6,1,"F,F;L,L",2,NA,1,NA
fcmmba5devel,6,2,"F,F;L,L",1,50,5,59
fcmmba5devel,6,2,"F,F;L,L",2,50,5,50
fcmmba5devel,6,3,"F,F;L,L",1,100,5,50
fcmmba5devel,6,3,"F,F;L,L",2,100,5,50
gb3tkrvv7n8o,1,1,"F,F;F,L",1,NA,2,NA
gb3tkrvv7n8o,1,1,"F,F;F,L",2,NA,3,NA
gb3tkrvv7n8o,1,2,"F,F;F,L",1,25,1,NA
gb3tkrvv7n8o,1,2,"F,F;F,L",2,25,4,75
gb3tkrvv7n8o,1,3,"F,F;F,L",1,100,1,NA
gb3tkrvv7n8o,1,3,"F,F;F,L",2,100,4,NA
gb3tkrvv7n8o,2,1,"F,F;F,F",1,NA,2,NA
gb3tkrvv7n8o,2,1,"F,F;F,F",2,NA,2,NA
gb3tkrvv7n8o,2,2,"F,F;F,F",1,25,1,NA
gb3tkrvv7n8o,2,2,"F,F;F,F",2,40,1,NA
gb3tkrvv7n8o,2,3,"F,F;F,F",1,50,1,NA
gb3tkrvv7n8o,2,3,"F,F;F,F",2,50,1,NA
gb3tkrvv7n8o,3,1,"F,L;L,L",1,NA,1,NA
gb3tkrvv7n8o,3,1,"F,L;L,L",2,NA,5,75
gb3tkrvv7n8o,3,2,"F,L;L,L",1,20,5,100
gb3tkrvv7n8o,3,2,"F,L;L,L",2,75,7,50
gb3tkrvv7n8o,3,3,"F,L;L,L",1,100,5,100
gb3tkrvv7n8o,3,3,"F,L;L,L",2,100,7,75
gb3tkrvv7n8o,4,1,"F,F;L,L",1,NA,2,NA
gb3tkrvv7n8o,4,1,"F,F;L,L",2,NA,1,NA
gb3tkrvv7n8o,4,2,"F,F;L,L",1,30,5,100
gb3tkrvv7n8o,4,2,"F,F;L,L",2,25,5,100
gb3tkrvv7n8o,4,3,"F,F;L,L",1,75,5,50
gb3tkrvv7n8o,4,3,"F,F;L,L",2,75,5,50
gb3tkrvv7n8o,5,1,"L,L;L,L",1,NA,8,75
gb3tkrvv7n8o,5,1,"L,L;L,L",2,NA,8,75
gb3tkrvv7n8o,5,2,"L,L;L,L",1,90,8,50
gb3tkrvv7n8o,5,2,"L,L;L,L",2,90,8,50
gb3tkrvv7n8o,5,3,"L,L;L,L",1,100,8,50
gb3tkrvv7n8o,5,3,"L,L;L,L",2,100,8,50
gb3tkrvv7n8o,6,1,"F,L;F,L",1,NA,2,NA
gb3tkrvv7n8o,6,1,"F,L;F,L",2,NA,5,100
gb3tkrvv7n8o,6,2,"F,L;F,L",1,20,2,NA
gb3tkrvv7n8o,6,2,"F,L;F,L",2,75,6,90
gb3tkrvv7n8o,6,3,"F,L;F,L",1,70,2,70
gb3tkrvv7n8o,6,3,"F,L;F,L",2,70,6,75
gdqcaemovh1a,1,1,"F,L;L,L",1,NA,2,NA
gdqcaemovh1a,1,1,"F,L;L,L",2,NA,5,100
gdqcaemovh1a,1,2,"F,L;L,L",1,50,10,50
gdqcaemovh1a,1,2,"F,L;L,L",2,50,5,100
gdqcaemovh1a,1,3,"F,L;L,L",1,100,10,50
gdqcaemovh1a,1,3,"F,L;L,L",2,100,5,100
gdqcaemovh1a,2,1,"F,F;F,L",1,NA,2,NA
gdqcaemovh1a,2,1,"F,F;F,L",2,NA,2,NA
gdqcaemovh1a,2,2,"F,F;F,L",1,50,1,NA
gdqcaemovh1a,2,2,"F,F;F,L",2,50,10,50
gdqcaemovh1a,2,3,"F,F;F,L",1,50,1,NA
gdqcaemovh1a,2,3,"F,F;F,L",2,50,5,NA
gdqcaemovh1a,3,1,"F,L;F,L",1,NA,2,NA
gdqcaemovh1a,3,1,"F,L;F,L",2,NA,5,100
gdqcaemovh1a,3,2,"F,L;F,L",1,50,1,NA
gdqcaemovh1a,3,2,"F,L;F,L",2,50,5,100
gdqcaemovh1a,3,3,"F,L;F,L",1,0,5,100
gdqcaemovh1a,3,3,"F,L;F,L",2,0,5,100
gdqcaemovh1a,4,1,"L,L;L,L",1,NA,5,100
gdqcaemovh1a,4,1,"L,L;L,L",2,NA,5,100
gdqcaemovh1a,4,2,"L,L;L,L",1,50,10,50
gdqcaemovh1a,4,2,"L,L;L,L",2,50,10,50
gdqcaemovh1a,4,3,"L,L;L,L",1,100,10,50
gdqcaemovh1a,4,3,"L,L;L,L",2,100,10,50
gdqcaemovh1a,5,1,"F,F;F,F",1,NA,1,NA
gdqcaemovh1a,5,1,"F,F;F,F",2,NA,1,NA
gdqcaemovh1a,5,2,"F,F;F,F",1,50,1,NA
gdqcaemovh1a,5,2,"F,F;F,F",2,50,1,NA
gdqcaemovh1a,5,3,"F,F;F,F",1,0,1,NA
gdqcaemovh1a,5,3,"F,F;F,F",2,0,1,NA
gdqcaemovh1a,6,1,"F,F;L,L",1,NA,1,NA
gdqcaemovh1a,6,1,"F,F;L,L",2,NA,1,NA
gdqcaemovh1a,6,2,"F,F;L,L",1,50,10,50
gdqcaemovh1a,6,2,"F,F;L,L",2,50,10,50
gdqcaemovh1a,6,3,"F,F;L,L",1,100,10,50
gdqcaemovh1a,6,3,"F,F;L,L",2,100,10,50
j5rtg97h9phc,1,1,"F,F;L,L",1,NA,2,NA
j5rtg97h9phc,1,1,"F,F;L,L",2,NA,2,NA
j5rtg97h9phc,1,2,"F,F;L,L",1,25,4,100
j5rtg97h9phc,1,2,"F,F;L,L",2,25,4,100
j5rtg97h9phc,1,3,"F,F;L,L",1,100,4,50
j5rtg97h9phc,1,3,"F,F;L,L",2,100,4,50
j5rtg97h9phc,2,1,"F,F;F,F",1,NA,2,NA
j5rtg97h9phc,2,1,"F,F;F,F",2,NA,2,NA
j5rtg97h9phc,2,2,"F,F;F,F",1,50,2,NA
j5rtg97h9phc,2,2,"F,F;F,F",2,50,2,NA
j5rtg97h9phc,2,3,"F,F;F,F",1,75,1,NA
j5rtg97h9phc,2,3,"F,F;F,F",2,75,1,NA
j5rtg97h9phc,3,1,"F,F;F,L",1,NA,1,NA
j5rtg97h9phc,3,1,"F,F;F,L",2,NA,1,NA
j5rtg97h9phc,3,2,"F,F;F,L",1,20,1,NA
j5rtg97h9phc,3,2,"F,F;F,L",2,20,4,100
j5rtg97h9phc,3,3,"F,F;F,L",1,90,1,NA
j5rtg97h9phc,3,3,"F,F;F,L",2,90,3,NA
j5rtg97h9phc,4,1,"F,L;F,L",1,NA,2,NA
j5rtg97h9phc,4,1,"F,L;F,L",2,NA,6,80
j5rtg97h9phc,4,2,"F,L;F,L",1,80,2,NA
j5rtg97h9phc,4,2,"F,L;F,L",2,25,6,70
j5rtg97h9phc,4,3,"F,L;F,L",1,90,2,60
j5rtg97h9phc,4,3,"F,L;F,L",2,90,7,40
j5rtg97h9phc,5,1,"F,L;L,L",1,NA,2,NA
j5rtg97h9phc,5,1,"F,L;L,L",2,NA,6,80
j5rtg97h9phc,5,2,"F,L;L,L",1,30,4,100
j5rtg97h9phc,5,2,"F,L;L,L",2,80,6,80
j5rtg97h9phc,5,3,"F,L;L,L",1,100,3,30
j5rtg97h9phc,5,3,"F,L;L,L",2,100,6,70
j5rtg97h9phc,6,1,"L,L;L,L",1,NA,6,80
j5rtg97h9phc,6,1,"L,L;L,L",2,NA,6,80
j5rtg97h9phc,6,2,"L,L;L,L",1,50,7,80
j5rtg97h9phc,6,2,"L,L;L,L",2,50,7,80
j5rtg97h9phc,6,3,"L,L;L,L",1,100,7,50
j5rtg97h9phc,6,3,"L,L;L,L",2,100,7,50
jcbna7g0c720,1,1,"F,F;L,L",1,NA,3,NA
jcbna7g0c720,1,1,"F,F;L,L",2,NA,3,NA
jcbna7g0c720,1,2,"F,F;L,L",1,35,6,75
jcbna7g0c720,1,2,"F,F;L,L",2,25,6,75
jcbna7g0c720,1,3,"F,F;L,L",1,100,6,75
jcbna7g0c720,1,3,"F,F;L,L",2,100,7,80
jcbna7g0c720,2,1,"L,L;L,L",1,NA,7,80
jcbna7g0c720,2,1,"L,L;L,L",2,NA,7,80
jcbna7g0c720,2,2,"L,L;L,L",1,100,7,75
jcbna7g0c720,2,2,"L,L;L,L",2,100,7,75
jcbna7g0c720,2,3,"L,L;L,L",1,100,6,70
jcbna7g0c720,2,3,"L,L;L,L",2,100,6,70
jcbna7g0c720,3,1,"F,F;F,L",1,NA,4,NA
jcbna7g0c720,3,1,"F,F;F,L",2,NA,4,NA
jcbna7g0c720,3,2,"F,F;F,L",1,30,4,NA
jcbna7g0c720,3,2,"F,F;F,L",2,30,5,65
jcbna7g0c720,3,3,"F,F;F,L",1,100,3,NA
jcbna7g0c720,3,3,"F,F;F,L",2,100,4,NA
jcbna7g0c720,4,1,"F,L;L,L",1,NA,3,NA
jcbna7g0c720,4,1,"F,L;L,L",2,NA,6,60
jcbna7g0c720,4,2,"F,L;L,L",1,50,5,85
jcbna7g0c720,4,2,"F,L;L,L",2,75,7,60
jcbna7g0c720,4,3,"F,L;L,L",1,100,4,80
jcbna7g0c720,4,3,"F,L;L,L",2,100,6,50
jcbna7g0c720,5,1,"F,L;F,L",1,NA,5,NA
jcbna7g0c720,5,1,"F,L;F,L",2,NA,2,50
jcbna7g0c720,5,2,"F,L;F,L",1,50,2,NA
jcbna7g0c720,5,2,"F,L;F,L",2,80,7,70
jcbna7g0c720,5,3,"F,L;F,L",1,100,3,85
jcbna7g0c720,5,3,"F,L;F,L",2,100,6,55
jcbna7g0c720,6,1,"F,F;F,F",1,NA,2,NA
jcbna7g0c720,6,1,"F,F;F,F",2,NA,2,NA
jcbna7g0c720,6,2,"F,F;F,F",1,30,2,NA
jcbna7g0c720,6,2,"F,F;F,F",2,30,2,NA
jcbna7g0c720,6,3,"F,F;F,F",1,20,1,NA
jcbna7g0c720,6,3,"F,F;F,F",2,20,1,NA
jgy00axv8lvz,1,1,"F,L;F,L",1,NA,5,NA
jgy00axv8lvz,1,1,"F,L;F,L",2,NA,5,50
jgy00axv8lvz,1,2,"F,L;F,L",1,25,4,NA
jgy00axv8lvz,1,2,"F,L;F,L",2,75,6,60
jgy00axv8lvz,1,3,"F,L;F,L",1,90,6,50
jgy00axv8lvz,1,3,"F,L;F,L",2,90,8,80
jgy00axv8lvz,2,1,"F,F;L,L",1,NA,5,NA
jgy00axv8lvz,2,1,"F,F;L,L",2,NA,5,NA
jgy00axv8lvz,2,2,"F,F;L,L",1,50,5,50
jgy00axv8lvz,2,2,"F,F;L,L",2,50,5,50
jgy00axv8lvz,2,3,"F,F;L,L",1,80,7,60
jgy00axv8lvz,2,3,"F,F;L,L",2,80,7,60
jgy00axv8lvz,3,1,"F,L;L,L",1,NA,3,NA
jgy00axv8lvz,3,1,"F,L;L,L",2,NA,7,30
jgy00axv8lvz,3,2,"F,L;L,L",1,60,5,50
jgy00axv8lvz,3,2,"F,L;L,L",2,90,7,30
jgy00axv8lvz,3,3,"F,L;L,L",1,90,5,60
jgy00axv8lvz,3,3,"F,L;L,L",2,90,7,40
jgy00axv8lvz,4,1,"L,L;L,L",1,NA,8,30
jgy00axv8lvz,4,1,"L,L;L,L",2,NA,8,30
jgy00axv8lvz,4,2,"L,L;L,L",1,90,8,40
jgy00axv8lvz,4,2,"L,L;L,L",2,90,8,40
jgy00axv8lvz,4,3,"L,L;L,L",1,95,8,30
jgy00axv8lvz,4,3,"L,L;L,L",2,95,8,30
jgy00axv8lvz,5,1,"F,F;F,F",1,NA,5,NA
jgy00axv8lvz,5,1,"F,F;F,F",2,NA,5,NA
jgy00axv8lvz,5,2,"F,F;F,F",1,70,3,NA
jgy00axv8lvz,5,2,"F,F;F,F",2,70,3,NA
jgy00axv8lvz,5,3,"F,F;F,F",1,50,2,NA
jgy00axv8lvz,5,3,"F,F;F,F",2,50,2,NA
jgy00axv8lvz,6,1,"F,F;F,L",1,NA,5,NA
jgy00axv8lvz,6,1,"F,F;F,L",2,NA,5,NA
jgy00axv8lvz,6,2,"F,F;F,L",1,20,2,NA
jgy00axv8lvz,6,2,"F,F;F,L",2,20,5,80
jgy00axv8lvz,6,3,"F,F;F,L",1,30,1,NA
jgy00axv8lvz,6,3,"F,F;F,L",2,30,5,NA
jk6377961ye8,1,1,"F,F;L,L",1,NA,2,NA
jk6377961ye8,1,1,"F,F;L,L",2,NA,2,NA
jk6377961ye8,1,2,"F,F;L,L",1,3,6,70
jk6377961ye8,1,2,"F,F;L,L",2,3,6,70
jk6377961ye8,1,3,"F,F;L,L",1,90,7,70
jk6377961ye8,1,3,"F,F;L,L",2,90,7,70
jk6377961ye8,2,1,"F,F;F,L",1,NA,4,NA
jk6377961ye8,2,1,"F,F;F,L",2,NA,4,NA
jk6377961ye8,2,2,"F,F;F,L",1,30,3,NA
jk6377961ye8,2,2,"F,F;F,L",2,30,6,70
jk6377961ye8,2,3,"F,F;F,L",1,10,2,NA
jk6377961ye8,2,3,"F,F;F,L",2,10,7,NA
jk6377961ye8,3,1,"L,L;L,L",1,NA,8,70
jk6377961ye8,3,1,"L,L;L,L",2,NA,8,70
jk6377961ye8,3,2,"L,L;L,L",1,80,8,70
jk6377961ye8,3,2,"L,L;L,L",2,80,8,70
jk6377961ye8,3,3,"L,L;L,L",1,100,8,80
jk6377961ye8,3,3,"L,L;L,L",2,100,8,80
jk6377961ye8,4,1,"F,L;L,L",1,NA,4,NA
jk6377961ye8,4,1,"F,L;L,L",2,NA,7,80
jk6377961ye8,4,2,"F,L;L,L",1,30,6,90
jk6377961ye8,4,2,"F,L;L,L",2,80,8,70
jk6377961ye8,4,3,"F,L;L,L",1,100,6,90
jk6377961ye8,4,3,"F,L;L,L",2,100,9,70
jk6377961ye8,5,1,"F,F;F,F",1,NA,3,NA
jk6377961ye8,5,1,"F,F;F,F",2,NA,3,NA
jk6377961ye8,5,2,"F,F;F,F",1,30,2,NA
jk6377961ye8,5,2,"F,F;F,F",2,30,2,NA
jk6377961ye8,5,3,"F,F;F,F",1,10,2,NA
jk6377961ye8,5,3,"F,F;F,F",2,10,2,NA
jk6377961ye8,6,1,"F,L;F,L",1,NA,3,NA
jk6377961ye8,6,1,"F,L;F,L",2,NA,8,70
jk6377961ye8,6,2,"F,L;F,L",1,40,3,NA
jk6377961ye8,6,2,"F,L;F,L",2,90,9,70
jk6377961ye8,6,3,"F,L;F,L",1,100,3,50
jk6377961ye8,6,3,"F,L;F,L",2,100,9,80
jta3wkruuw3h,1,1,"F,F;L,L",1,NA,5,NA
jta3wkruuw3h,1,1,"F,F;L,L",2,NA,5,NA
jta3wkruuw3h,1,2,"F,F;L,L",1,50,5,50
jta3wkruuw3h,1,2,"F,F;L,L",2,50,5,50
jta3wkruuw3h,1,3,"F,F;L,L",1,75,6,50
jta3wkruuw3h,1,3,"F,F;L,L",2,75,6,50
jta3wkruuw3h,2,1,"F,F;F,L",1,NA,6,NA
jta3wkruuw3h,2,1,"F,F;F,L",2,NA,6,NA
jta3wkruuw3h,2,2,"F,F;F,L",1,55,5,NA
jta3wkruuw3h,2,2,"F,F;F,L",2,55,7,75
jta3wkruuw3h,2,3,"F,F;F,L",1,75,5,NA
jta3wkruuw3h,2,3,"F,F;F,L",2,75,5,NA
jta3wkruuw3h,3,1,"F,F;F,F",1,NA,5,NA
jta3wkruuw3h,3,1,"F,F;F,F",2,NA,5,NA
jta3wkruuw3h,3,2,"F,F;F,F",1,50,1,NA
jta3wkruuw3h,3,2,"F,F;F,F",2,50,1,NA
jta3wkruuw3h,3,3,"F,F;F,F",1,1,1,NA
jta3wkruuw3h,3,3,"F,F;F,F",2,1,1,NA
jta3wkruuw3h,4,1,"F,L;L,L",1,NA,5,NA
jta3wkruuw3h,4,1,"F,L;L,L",2,NA,6,90
jta3wkruuw3h,4,2,"F,L;L,L",1,75,7,75
jta3wkruuw3h,4,2,"F,L;L,L",2,75,7,75
jta3wkruuw3h,4,3,"F,L;L,L",1,85,10,100
jta3wkruuw3h,4,3,"F,L;L,L",2,85,10,100
jta3wkruuw3h,5,1,"L,L;L,L",1,NA,8,85
jta3wkruuw3h,5,1,"L,L;L,L",2,NA,8,85
jta3wkruuw3h,5,2,"L,L;L,L",1,85,9,90
jta3wkruuw3h,5,2,"L,L;L,L",2,85,9,90
jta3wkruuw3h,5,3,"L,L;L,L",1,100,10,100
jta3wkruuw3h,5,3,"L,L;L,L",2,100,10,100
jta3wkruuw3h,6,1,"F,L;F,L",1,NA,1,NA
jta3wkruuw3h,6,1,"F,L;F,L",2,NA,10,100
jta3wkruuw3h,6,2,"F,L;F,L",1,10,1,NA
jta3wkruuw3h,6,2,"F,L;F,L",2,10,10,100
jta3wkruuw3h,6,3,"F,L;F,L",1,20,10,100
jta3wkruuw3h,6,3,"F,L;F,L",2,20,10,100
jz75c7vddxqh,1,1,"F,L;F,L",1,NA,3,NA
jz75c7vddxqh,1,1,"F,L;F,L",2,NA,8,70
jz75c7vddxqh,1,2,"F,L;F,L",1,50,1,NA
jz75c7vddxqh,1,2,"F,L;F,L",2,100,10,50
jz75c7vddxqh,1,3,"F,L;F,L",1,100,1,100
jz75c7vddxqh,1,3,"F,L;F,L",2,100,10,50
jz75c7vddxqh,2,1,"F,L;L,L",1,NA,1,NA
jz75c7vddxqh,2,1,"F,L;L,L",2,NA,10,50
jz75c7vddxqh,2,2,"F,L;L,L",1,50,7,100
jz75c7vddxqh,2,2,"F,L;L,L",2,100,10,50
jz75c7vddxqh,2,3,"F,L;L,L",1,100,7,50
jz75c7vddxqh,2,3,"F,L;L,L",2,100,10,30
jz75c7vddxqh,3,1,"F,F;L,L",1,NA,3,NA
jz75c7vddxqh,3,1,"F,F;L,L",2,NA,3,NA
jz75c7vddxqh,3,2,"F,F;L,L",1,50,6,100
jz75c7vddxqh,3,2,"F,F;L,L",2,50,6,100
jz75c7vddxqh,3,3,"F,F;L,L",1,100,6,50
jz75c7vddxqh,3,3,"F,F;L,L",2,100,6,50
jz75c7vddxqh,4,1,"L,L;L,L",1,NA,10,50
jz75c7vddxqh,4,1,"L,L;L,L",2,NA,10,50
jz75c7vddxqh,4,2,"L,L;L,L",1,100,10,50
jz75c7vddxqh,4,2,"L,L;L,L",2,100,10,50
jz75c7vddxqh,4,3,"L,L;L,L",1,100,10,25
jz75c7vddxqh,4,3,"L,L;L,L",2,100,10,25
jz75c7vddxqh,5,1,"F,F;F,F",1,NA,5,NA
jz75c7vddxqh,5,1,"F,F;F,F",2,NA,5,NA
jz75c7vddxqh,5,2,"F,F;F,F",1,50,3,NA
jz75c7vddxqh,5,2,"F,F;F,F",2,50,3,NA
jz75c7vddxqh,5,3,"F,F;F,F",1,50,1,NA
jz75c7vddxqh,5,3,"F,F;F,F",2,50,1,NA
jz75c7vddxqh,6,1,"F,F;F,L",1,NA,3,NA
jz75c7vddxqh,6,1,"F,F;F,L",2,NA,3,NA
jz75c7vddxqh,6,2,"F,F;F,L",1,50,1,NA
jz75c7vddxqh,6,2,"F,F;F,L",2,50,6,100
jz75c7vddxqh,6,3,"F,F;F,L",1,100,1,NA
jz75c7vddxqh,6,3,"F,F;F,L",2,100,5,NA
k5n25olehymx,1,1,"F,F;F,F",1,NA,4,NA
k5n25olehymx,1,1,"F,F;F,F",2,NA,4,NA
k5n25olehymx,1,2,"F,F;F,F",1,75,3,NA
k5n25olehymx,1,2,"F,F;F,F",2,75,3,NA
k5n25olehymx,1,3,"F,F;F,F",1,100,1,NA
k5n25olehymx,1,3,"F,F;F,F",2,100,1,NA
k5n25olehymx,2,1,"F,F;L,L",1,NA,3,NA
k5n25olehymx,2,1,"F,F;L,L",2,NA,3,NA
k5n25olehymx,2,2,"F,F;L,L",1,50,5,95
k5n25olehymx,2,2,"F,F;L,L",2,50,5,95
k5n25olehymx,2,3,"F,F;L,L",1,100,5,50
k5n25olehymx,2,3,"F,F;L,L",2,100,5,50
k5n25olehymx,3,1,"F,L;F,L",1,NA,4,NA
k5n25olehymx,3,1,"F,L;F,L",2,NA,6,80
k5n25olehymx,3,2,"F,L;F,L",1,50,3,NA
k5n25olehymx,3,2,"F,L;F,L",2,95,6,85
k5n25olehymx,3,3,"F,L;F,L",1,100,3,50
k5n25olehymx,3,3,"F,L;F,L",2,100,6,50
k5n25olehymx,4,1,"F,L;L,L",1,NA,3,NA
k5n25olehymx,4,1,"F,L;L,L",2,NA,6,80
k5n25olehymx,4,2,"F,L;L,L",1,50,5,95
k5n25olehymx,4,2,"F,L;L,L",2,95,6,85
k5n25olehymx,4,3,"F,L;L,L",1,100,5,50
k5n25olehymx,4,3,"F,L;L,L",2,100,6,50
k5n25olehymx,5,1,"F,F;F,L",1,NA,4,NA
k5n25olehymx,5,1,"F,F;F,L",2,NA,4,NA
k5n25olehymx,5,2,"F,F;F,L",1,75,3,NA
k5n25olehymx,5,2,"F,F;F,L",2,75,5,95
k5n25olehymx,5,3,"F,F;F,L",1,95,1,NA
k5n25olehymx,5,3,"F,F;F,L",2,95,4,NA
k5n25olehymx,6,1,"L,L;L,L",1,NA,5,80
k5n25olehymx,6,1,"L,L;L,L",2,NA,5,80
k5n25olehymx,6,2,"L,L;L,L",1,95,5,85
k5n25olehymx,6,2,"L,L;L,L",2,95,5,85
k5n25olehymx,6,3,"L,L;L,L",1,100,5,50
k5n25olehymx,6,3,"L,L;L,L",2,100,5,50
kfu0gvrg1o0w,1,1,"F,F;L,L",1,NA,1,NA
kfu0gvrg1o0w,1,1,"F,F;L,L",2,NA,2,NA
kfu0gvrg1o0w,1,2,"F,F;L,L",1,10,5,50
kfu0gvrg1o0w,1,2,"F,F;L,L",2,20,6,50
kfu0gvrg1o0w,1,3,"F,F;L,L",1,95,5,50
kfu0gvrg1o0w,1,3,"F,F;L,L",2,95,6,50
kfu0gvrg1o0w,2,1,"L,L;L,L",1,NA,6,60
kfu0gvrg1o0w,2,1,"L,L;L,L",2,NA,5,60
kfu0gvrg1o0w,2,2,"L,L;L,L",1,70,7,60
kfu0gvrg1o0w,2,2,"L,L;L,L",2,70,7,60
kfu0gvrg1o0w,2,3,"L,L;L,L",1,80,7,60
kfu0gvrg1o0w,2,3,"L,L;L,L",2,80,6,60
kfu0gvrg1o0w,3,1,"F,L;F,L",1,NA,2,NA
kfu0gvrg1o0w,3,1,"F,L;F,L",2,NA,7,50
kfu0gvrg1o0w,3,2,"F,L;F,L",1,30,2,NA
kfu0gvrg1o0w,3,2,"F,L;F,L",2,70,7,60
kfu0gvrg1o0w,3,3,"F,L;F,L",1,40,2,50
kfu0gvrg1o0w,3,3,"F,L;F,L",2,40,7,50
kfu0gvrg1o0w,4,1,"F,L;L,L",1,NA,2,NA
kfu0gvrg1o0w,4,1,"F,L;L,L",2,NA,7,60
kfu0gvrg1o0w,4,2,"F,L;L,L",1,20,5,40
kfu0gvrg1o0w,4,2,"F,L;L,L",2,80,7,60
kfu0gvrg1o0w,4,3,"F,L;L,L",1,60,4,50
kfu0gvrg1o0w,4,3,"F,L;L,L",2,60,7,50
kfu0gvrg1o0w,5,1,"F,F;F,L",1,NA,2,NA
kfu0gvrg1o0w,5,1,"F,F;F,L",2,NA,1,NA
kfu0gvrg1o0w,5,2,"F,F;F,L",1,20,1,NA
kfu0gvrg1o0w,5,2,"F,F;F,L",2,10,2,50
kfu0gvrg1o0w,5,3,"F,F;F,L",1,20,1,NA
kfu0gvrg1o0w,5,3,"F,F;F,L",2,20,2,NA
kfu0gvrg1o0w,6,1,"F,F;F,F",1,NA,1,NA
kfu0gvrg1o0w,6,1,"F,F;F,F",2,NA,1,NA
kfu0gvrg1o0w,6,2,"F,F;F,F",1,10,1,NA
kfu0gvrg1o0w,6,2,"F,F;F,F",2,10,1,NA
kfu0gvrg1o0w,6,3,"F,F;F,F",1,10,1,NA
kfu0gvrg1o0w,6,3,"F,F;F,F",2,10,1,NA
kxzj2mc6y1az,1,1,"F,F;L,L",1,NA,1,NA
kxzj2mc6y1az,1,1,"F,F;L,L",2,NA,1,NA
kxzj2mc6y1az,1,2,"F,F;L,L",1,0,5,100
kxzj2mc6y1az,1,2,"F,F;L,L",2,0,5,100
kxzj2mc6y1az,1,3,"F,F;L,L",1,100,5,100
kxzj2mc6y1az,1,3,"F,F;L,L",2,100,5,100
kxzj2mc6y1az,2,1,"F,L;L,L",1,NA,1,NA
kxzj2mc6y1az,2,1,"F,L;L,L",2,NA,5,50
kxzj2mc6y1az,2,2,"F,L;L,L",1,50,5,100
kxzj2mc6y1az,2,2,"F,L;L,L",2,100,5,50
kxzj2mc6y1az,2,3,"F,L;L,L",1,100,5,100
kxzj2mc6y1az,2,3,"F,L;L,L",2,100,5,50
kxzj2mc6y1az,3,1,"L,L;L,L",1,NA,10,50
kxzj2mc6y1az,3,1,"L,L;L,L",2,NA,5,100
kxzj2mc6y1az,3,2,"L,L;L,L",1,100,10,50
kxzj2mc6y1az,3,2,"L,L;L,L",2,50,5,100
kxzj2mc6y1az,3,3,"L,L;L,L",1,95,10,50
kxzj2mc6y1az,3,3,"L,L;L,L",2,95,5,100
kxzj2mc6y1az,4,1,"F,F;F,L",1,NA,1,NA
kxzj2mc6y1az,4,1,"F,F;F,L",2,NA,1,NA
kxzj2mc6y1az,4,2,"F,F;F,L",1,25,1,NA
kxzj2mc6y1az,4,2,"F,F;F,L",2,25,2,100
kxzj2mc6y1az,4,3,"F,F;F,L",1,25,1,NA
kxzj2mc6y1az,4,3,"F,F;F,L",2,25,5,NA
kxzj2mc6y1az,5,1,"F,L;F,L",1,NA,1,NA
kxzj2mc6y1az,5,1,"F,L;F,L",2,NA,5,50
kxzj2mc6y1az,5,2,"F,L;F,L",1,50,1,NA
kxzj2mc6y1az,5,2,"F,L;F,L",2,100,5,50
kxzj2mc6y1az,5,3,"F,L;F,L",1,25,1,100
kxzj2mc6y1az,5,3,"F,L;F,L",2,25,5,50
kxzj2mc6y1az,6,1,"F,F;F,F",1,NA,1,NA
kxzj2mc6y1az,6,1,"F,F;F,F",2,NA,1,NA
kxzj2mc6y1az,6,2,"F,F;F,F",1,0,1,NA
kxzj2mc6y1az,6,2,"F,F;F,F",2,0,1,NA
kxzj2mc6y1az,6,3,"F,F;F,F",1,25,1,NA
kxzj2mc6y1az,6,3,"F,F;F,F",2,25,1,NA
lmn5xavl1jul,1,1,"F,F;F,L",1,NA,5,NA
lmn5xavl1jul,1,1,"F,F;F,L",2,NA,5,NA
lmn5xavl1jul,1,2,"F,F;F,L",1,75,7,NA
lmn5xavl1jul,1,2,"F,F;F,L",2,75,7,50
lmn5xavl1jul,1,3,"F,F;F,L",1,80,5,NA
lmn5xavl1jul,1,3,"F,F;F,L",2,80,6,NA
lmn5xavl1jul,2,1,"F,L;L,L",1,NA,5,NA
lmn5xavl1jul,2,1,"F,L;L,L",2,NA,5,50
lmn5xavl1jul,2,2,"F,L;L,L",1,50,6,50
lmn5xavl1jul,2,2,"F,L;L,L",2,50,6,50
lmn5xavl1jul,2,3,"F,L;L,L",1,75,6,50
lmn5xavl1jul,2,3,"F,L;L,L",2,75,6,50
lmn5xavl1jul,3,1,"F,F;F,F",1,NA,6,NA
lmn5xavl1jul,3,1,"F,F;F,F",2,NA,6,NA
lmn5xavl1jul,3,2,"F,F;F,F",1,60,5,NA
lmn5xavl1jul,3,2,"F,F;F,F",2,75,5,NA
lmn5xavl1jul,3,3,"F,F;F,F",1,75,5,NA
lmn5xavl1jul,3,3,"F,F;F,F",2,75,5,NA
lmn5xavl1jul,4,1,"F,L;F,L",1,NA,5,NA
lmn5xavl1jul,4,1,"F,L;F,L",2,NA,5,60
lmn5xavl1jul,4,2,"F,L;F,L",1,75,5,NA
lmn5xavl1jul,4,2,"F,L;F,L",2,90,6,50
lmn5xavl1jul,4,3,"F,L;F,L",1,60,5,60
lmn5xavl1jul,4,3,"F,L;F,L",2,60,6,50
lmn5xavl1jul,5,1,"L,L;L,L",1,NA,5,50
lmn5xavl1jul,5,1,"L,L;L,L",2,NA,5,50
lmn5xavl1jul,5,2,"L,L;L,L",1,90,5,50
lmn5xavl1jul,5,2,"L,L;L,L",2,90,5,50
lmn5xavl1jul,5,3,"L,L;L,L",1,100,5,50
lmn5xavl1jul,5,3,"L,L;L,L",2,100,5,50
lmn5xavl1jul,6,1,"F,F;L,L",1,NA,5,NA
lmn5xavl1jul,6,1,"F,F;L,L",2,NA,5,NA
lmn5xavl1jul,6,2,"F,F;L,L",1,50,5,50
lmn5xavl1jul,6,2,"F,F;L,L",2,50,5,50
lmn5xavl1jul,6,3,"F,F;L,L",1,100,5,50
lmn5xavl1jul,6,3,"F,F;L,L",2,100,5,50
mm467972dqax,1,1,"F,L;F,L",1,NA,3,NA
mm467972dqax,1,1,"F,L;F,L",2,NA,8,70
mm467972dqax,1,2,"F,L;F,L",1,30,3,NA
mm467972dqax,1,2,"F,L;F,L",2,80,8,70
mm467972dqax,1,3,"F,L;F,L",1,70,3,80
mm467972dqax,1,3,"F,L;F,L",2,70,8,70
mm467972dqax,2,1,"L,L;L,L",1,NA,7,80
mm467972dqax,2,1,"L,L;L,L",2,NA,8,70
mm467972dqax,2,2,"L,L;L,L",1,70,7,80
mm467972dqax,2,2,"L,L;L,L",2,80,8,70
mm467972dqax,2,3,"L,L;L,L",1,90,7,50
mm467972dqax,2,3,"L,L;L,L",2,90,8,40
mm467972dqax,3,1,"F,F;F,L",1,NA,4,NA
mm467972dqax,3,1,"F,F;F,L",2,NA,3,NA
mm467972dqax,3,2,"F,F;F,L",1,30,3,NA
mm467972dqax,3,2,"F,F;F,L",2,30,9,60
mm467972dqax,3,3,"F,F;F,L",1,60,2,NA
mm467972dqax,3,3,"F,F;F,L",2,60,6,NA
mm467972dqax,4,1,"F,L;L,L",1,NA,4,NA
mm467972dqax,4,1,"F,L;L,L",2,NA,7,80
mm467972dqax,4,2,"F,L;L,L",1,40,7,80
mm467972dqax,4,2,"F,L;L,L",2,70,7,80
mm467972dqax,4,3,"F,L;L,L",1,80,7,40
mm467972dqax,4,3,"F,L;L,L",2,80,7,40
mm467972dqax,5,1,"F,F;L,L",1,NA,2,NA
mm467972dqax,5,1,"F,F;L,L",2,NA,8,NA
mm467972dqax,5,2,"F,F;L,L",1,20,8,70
mm467972dqax,5,2,"F,F;L,L",2,60,8,70
mm467972dqax,5,3,"F,F;L,L",1,90,8,35
mm467972dqax,5,3,"F,F;L,L",2,90,8,35
mm467972dqax,6,1,"F,F;F,F",1,NA,2,NA
mm467972dqax,6,1,"F,F;F,F",2,NA,3,NA
mm467972dqax,6,2,"F,F;F,F",1,25,2,NA
mm467972dqax,6,2,"F,F;F,F",2,30,3,NA
mm467972dqax,6,3,"F,F;F,F",1,10,2,NA
mm467972dqax,6,3,"F,F;F,F",2,10,3,NA
msjhzztbpp45,1,1,"F,F;F,F",1,NA,3,NA
msjhzztbpp45,1,1,"F,F;F,F",2,NA,3,NA
msjhzztbpp45,1,2,"F,F;F,F",1,20,3,NA
msjhzztbpp45,1,2,"F,F;F,F",2,20,3,NA
msjhzztbpp45,1,3,"F,F;F,F",1,90,3,NA
msjhzztbpp45,1,3,"F,F;F,F",2,90,3,NA
msjhzztbpp45,2,1,"F,F;L,L",1,NA,4,NA
msjhzztbpp45,2,1,"F,F;L,L",2,NA,4,NA
msjhzztbpp45,2,2,"F,F;L,L",1,25,5,85
msjhzztbpp45,2,2,"F,F;L,L",2,25,5,85
msjhzztbpp45,2,3,"F,F;L,L",1,100,5,25
msjhzztbpp45,2,3,"F,F;L,L",2,100,5,25
msjhzztbpp45,3,1,"F,L;F,L",1,NA,4,NA
msjhzztbpp45,3,1,"F,L;F,L",2,NA,6,25
msjhzztbpp45,3,2,"F,L;F,L",1,10,3,NA
msjhzztbpp45,3,2,"F,L;F,L",2,85,6,45
msjhzztbpp45,3,3,"F,L;F,L",1,90,3,25
msjhzztbpp45,3,3,"F,L;F,L",2,90,6,35
msjhzztbpp45,4,1,"F,L;L,L",1,NA,2,NA
msjhzztbpp45,4,1,"F,L;L,L",2,NA,7,15
msjhzztbpp45,4,2,"F,L;L,L",1,20,5,80
msjhzztbpp45,4,2,"F,L;L,L",2,100,7,25
msjhzztbpp45,4,3,"F,L;L,L",1,100,5,25
msjhzztbpp45,4,3,"F,L;L,L",2,100,7,35
msjhzztbpp45,5,1,"F,F;F,L",1,NA,4,NA
msjhzztbpp45,5,1,"F,F;F,L",2,NA,4,NA
msjhzztbpp45,5,2,"F,F;F,L",1,35,4,NA
msjhzztbpp45,5,2,"F,F;F,L",2,35,5,50
msjhzztbpp45,5,3,"F,F;F,L",1,100,2,NA
msjhzztbpp45,5,3,"F,F;F,L",2,100,2,NA
msjhzztbpp45,6,1,"L,L;L,L",1,NA,7,25
msjhzztbpp45,6,1,"L,L;L,L",2,NA,7,25
msjhzztbpp45,6,2,"L,L;L,L",1,85,7,40
msjhzztbpp45,6,2,"L,L;L,L",2,85,7,40
msjhzztbpp45,6,3,"L,L;L,L",1,100,7,25
msjhzztbpp45,6,3,"L,L;L,L",2,100,7,25
ovkkltdlhlhf,1,1,"F,L;L,L",1,NA,3,NA
ovkkltdlhlhf,1,1,"F,L;L,L",2,NA,7,80
ovkkltdlhlhf,1,2,"F,L;L,L",1,20,6,100
ovkkltdlhlhf,1,2,"F,L;L,L",2,90,7,100
ovkkltdlhlhf,1,3,"F,L;L,L",1,97,6,70
ovkkltdlhlhf,1,3,"F,L;L,L",2,97,7,60
ovkkltdlhlhf,2,1,"F,F;L,L",1,NA,3,NA
ovkkltdlhlhf,2,1,"F,F;L,L",2,NA,3,NA
ovkkltdlhlhf,2,2,"F,F;L,L",1,40,5,90
ovkkltdlhlhf,2,2,"F,F;L,L",2,40,5,90
ovkkltdlhlhf,2,3,"F,F;L,L",1,95,5,100
ovkkltdlhlhf,2,3,"F,F;L,L",2,95,5,100
ovkkltdlhlhf,3,1,"F,F;F,L",1,NA,3,NA
ovkkltdlhlhf,3,1,"F,F;F,L",2,NA,3,NA
ovkkltdlhlhf,3,2,"F,F;F,L",1,30,3,NA
ovkkltdlhlhf,3,2,"F,F;F,L",2,30,7,100
ovkkltdlhlhf,3,3,"F,F;F,L",1,25,3,NA
ovkkltdlhlhf,3,3,"F,F;F,L",2,25,6,NA
ovkkltdlhlhf,4,1,"F,L;F,L",1,NA,4,NA
ovkkltdlhlhf,4,1,"F,L;F,L",2,NA,8,50
ovkkltdlhlhf,4,2,"F,L;F,L",1,35,3,NA
ovkkltdlhlhf,4,2,"F,L;F,L",2,90,7,100
ovkkltdlhlhf,4,3,"F,L;F,L",1,25,5,90
ovkkltdlhlhf,4,3,"F,L;F,L",2,25,7,95
ovkkltdlhlhf,5,1,"L,L;L,L",1,NA,7,100
ovkkltdlhlhf,5,1,"L,L;L,L",2,NA,7,100
ovkkltdlhlhf,5,2,"L,L;L,L",1,65,8,95
ovkkltdlhlhf,5,2,"L,L;L,L",2,65,8,95
ovkkltdlhlhf,5,3,"L,L;L,L",1,100,8,100
ovkkltdlhlhf,5,3,"L,L;L,L",2,100,8,100
ovkkltdlhlhf,6,1,"F,F;F,F",1,NA,3,NA
ovkkltdlhlhf,6,1,"F,F;F,F",2,NA,3,NA
ovkkltdlhlhf,6,2,"F,F;F,F",1,20,3,NA
ovkkltdlhlhf,6,2,"F,F;F,F",2,20,3,NA
ovkkltdlhlhf,6,3,"F,F;F,F",1,5,3,NA
ovkkltdlhlhf,6,3,"F,F;F,F",2,5,3,NA
pd8j0z1zwuhl,1,1,"F,F;L,L",1,NA,3,NA
pd8j0z1zwuhl,1,1,"F,F;L,L",2,NA,3,NA
pd8j0z1zwuhl,1,2,"F,F;L,L",1,50,7,75
pd8j0z1zwuhl,1,2,"F,F;L,L",2,50,7,75
pd8j0z1zwuhl,1,3,"F,F;L,L",1,100,7,50
pd8j0z1zwuhl,1,3,"F,F;L,L",2,100,7,50
pd8j0z1zwuhl,2,1,"F,L;L,L",1,NA,3,NA
pd8j0z1zwuhl,2,1,"F,L;L,L",2,NA,7,80
pd8j0z1zwuhl,2,2,"F,L;L,L",1,75,7,70
pd8j0z1zwuhl,2,2,"F,L;L,L",2,100,7,80
pd8j0z1zwuhl,2,3,"F,L;L,L",1,100,8,50
pd8j0z1zwuhl,2,3,"F,L;L,L",2,100,7,50
pd8j0z1zwuhl,3,1,"L,L;L,L",1,NA,7,75
pd8j0z1zwuhl,3,1,"L,L;L,L",2,NA,7,75
pd8j0z1zwuhl,3,2,"L,L;L,L",1,100,7,80
pd8j0z1zwuhl,3,2,"L,L;L,L",2,100,7,80
pd8j0z1zwuhl,3,3,"L,L;L,L",1,100,7,50
pd8j0z1zwuhl,3,3,"L,L;L,L",2,100,7,50
pd8j0z1zwuhl,4,1,"F,F;F,L",1,NA,5,NA
pd8j0z1zwuhl,4,1,"F,F;F,L",2,NA,5,NA
pd8j0z1zwuhl,4,2,"F,F;F,L",1,50,2,NA
pd8j0z1zwuhl,4,2,"F,F;F,L",2,50,5,100
pd8j0z1zwuhl,4,3,"F,F;F,L",1,75,2,NA
pd8j0z1zwuhl,4,3,"F,F;F,L",2,75,7,NA
pd8j0z1zwuhl,5,1,"F,L;F,L",1,NA,3,NA
pd8j0z1zwuhl,5,1,"F,L;F,L",2,NA,7,75
pd8j0z1zwuhl,5,2,"F,L;F,L",1,50,2,NA
pd8j0z1zwuhl,5,2,"F,L;F,L",2,100,7,80
pd8j0z1zwuhl,5,3,"F,L;F,L",1,75,3,100
pd8j0z1zwuhl,5,3,"F,L;F,L",2,75,7,70
pd8j0z1zwuhl,6,1,"F,F;F,F",1,NA,5,NA
pd8j0z1zwuhl,6,1,"F,F;F,F",2,NA,5,NA
pd8j0z1zwuhl,6,2,"F,F;F,F",1,50,3,NA
pd8j0z1zwuhl,6,2,"F,F;F,F",2,50,3,NA
pd8j0z1zwuhl,6,3,"F,F;F,F",1,25,2,NA
pd8j0z1zwuhl,6,3,"F,F;F,F",2,25,2,NA
pw4fa9axqzer,1,1,"F,F;F,L",1,NA,5,NA
pw4fa9axqzer,1,1,"F,F;F,L",2,NA,5,NA
pw4fa9axqzer,1,2,"F,F;F,L",1,50,4,NA
pw4fa9axqzer,1,2,"F,F;F,L",2,50,5,85
pw4fa9axqzer,1,3,"F,F;F,L",1,90,4,NA
pw4fa9axqzer,1,3,"F,F;F,L",2,90,6,NA
pw4fa9axqzer,2,1,"F,F;F,F",1,NA,5,NA
pw4fa9axqzer,2,1,"F,F;F,F",2,NA,5,NA
pw4fa9axqzer,2,2,"F,F;F,F",1,70,3,NA
pw4fa9axqzer,2,2,"F,F;F,F",2,70,3,NA
pw4fa9axqzer,2,3,"F,F;F,F",1,75,3,NA
pw4fa9axqzer,2,3,"F,F;F,F",2,75,3,NA
pw4fa9axqzer,3,1,"F,L;L,L",1,NA,4,NA
pw4fa9axqzer,3,1,"F,L;L,L",2,NA,7,50
pw4fa9axqzer,3,2,"F,L;L,L",1,70,5,100
pw4fa9axqzer,3,2,"F,L;L,L",2,95,8,60
pw4fa9axqzer,3,3,"F,L;L,L",1,95,5,70
pw4fa9axqzer,3,3,"F,L;L,L",2,95,8,45
pw4fa9axqzer,4,1,"F,L;F,L",1,NA,4,NA
pw4fa9axqzer,4,1,"F,L;F,L",2,NA,8,60
pw4fa9axqzer,4,2,"F,L;F,L",1,60,4,NA
pw4fa9axqzer,4,2,"F,L;F,L",2,95,8,50
pw4fa9axqzer,4,3,"F,L;F,L",1,96,4,100
pw4fa9axqzer,4,3,"F,L;F,L",2,96,8,55
pw4fa9axqzer,5,1,"L,L;L,L",1,NA,8,45
pw4fa9axqzer,5,1,"L,L;L,L",2,NA,8,55
pw4fa9axqzer,5,2,"L,L;L,L",1,99,8,50
pw4fa9axqzer,5,2,"L,L;L,L",2,99,8,50
pw4fa9axqzer,5,3,"L,L;L,L",1,99,8,40
pw4fa9axqzer,5,3,"L,L;L,L",2,99,8,40
pw4fa9axqzer,6,1,"F,F;L,L",1,NA,5,NA
pw4fa9axqzer,6,1,"F,F;L,L",2,NA,5,NA
pw4fa9axqzer,6,2,"F,F;L,L",1,60,6,100
pw4fa9axqzer,6,2,"F,F;L,L",2,60,6,100
pw4fa9axqzer,6,3,"F,F;L,L",1,96,6,60
pw4fa9axqzer,6,3,"F,F;L,L",2,96,6,60
py6t7hjwbxmz,1,1,"F,F;L,L",1,NA,7,NA
py6t7hjwbxmz,1,1,"F,F;L,L",2,NA,5,NA
py6t7hjwbxmz,1,2,"F,F;L,L",1,70,7,10
py6t7hjwbxmz,1,2,"F,F;L,L",2,70,7,10
py6t7hjwbxmz,1,3,"F,F;L,L",1,50,7,10
py6t7hjwbxmz,1,3,"F,F;L,L",2,50,7,10
py6t7hjwbxmz,2,1,"F,F;F,F",1,NA,7,NA
py6t7hjwbxmz,2,1,"F,F;F,F",2,NA,6,NA
py6t7hjwbxmz,2,2,"F,F;F,F",1,10,4,NA
py6t7hjwbxmz,2,2,"F,F;F,F",2,10,4,NA
py6t7hjwbxmz,2,3,"F,F;F,F",1,10,4,NA
py6t7hjwbxmz,2,3,"F,F;F,F",2,10,4,NA
py6t7hjwbxmz,3,1,"F,F;F,L",1,NA,4,NA
py6t7hjwbxmz,3,1,"F,F;F,L",2,NA,4,NA
py6t7hjwbxmz,3,2,"F,F;F,L",1,5,4,NA
py6t7hjwbxmz,3,2,"F,F;F,L",2,5,7,5
py6t7hjwbxmz,3,3,"F,F;F,L",1,10,4,NA
py6t7hjwbxmz,3,3,"F,F;F,L",2,10,7,NA
py6t7hjwbxmz,4,1,"L,L;L,L",1,NA,8,10
py6t7hjwbxmz,4,1,"L,L;L,L",2,NA,8,10
py6t7hjwbxmz,4,2,"L,L;L,L",1,10,8,10
py6t7hjwbxmz,4,2,"L,L;L,L",2,10,8,10
py6t7hjwbxmz,4,3,"L,L;L,L",1,0,8,10
py6t7hjwbxmz,4,3,"L,L;L,L",2,0,8,10
py6t7hjwbxmz,5,1,"F,L;L,L",1,NA,4,NA
py6t7hjwbxmz,5,1,"F,L;L,L",2,NA,8,10
py6t7hjwbxmz,5,2,"F,L;L,L",1,0,4,10
py6t7hjwbxmz,5,2,"F,L;L,L",2,10,10,10
py6t7hjwbxmz,5,3,"F,L;L,L",1,10,4,10
py6t7hjwbxmz,5,3,"F,L;L,L",2,10,10,10
py6t7hjwbxmz,6,1,"F,L;F,L",1,NA,3,NA
py6t7hjwbxmz,6,1,"F,L;F,L",2,NA,5,10
py6t7hjwbxmz,6,2,"F,L;F,L",1,5,4,NA
py6t7hjwbxmz,6,2,"F,L;F,L",2,10,8,10
py6t7hjwbxmz,6,3,"F,L;F,L",1,10,4,10
py6t7hjwbxmz,6,3,"F,L;F,L",2,10,6,10
rnpvr6ycgo2o,1,1,"F,F;F,F",1,NA,10,NA
rnpvr6ycgo2o,1,1,"F,F;F,F",2,NA,5,NA
rnpvr6ycgo2o,1,2,"F,F;F,F",1,90,5,NA
rnpvr6ycgo2o,1,2,"F,F;F,F",2,40,5,NA
rnpvr6ycgo2o,1,3,"F,F;F,F",1,35,3,NA
rnpvr6ycgo2o,1,3,"F,F;F,F",2,35,4,NA
rnpvr6ycgo2o,2,1,"F,L;L,L",1,NA,3,NA
rnpvr6ycgo2o,2,1,"F,L;L,L",2,NA,10,50
rnpvr6ycgo2o,2,2,"F,L;L,L",1,25,8,60
rnpvr6ycgo2o,2,2,"F,L;L,L",2,75,10,100
rnpvr6ycgo2o,2,3,"F,L;L,L",1,90,9,60
rnpvr6ycgo2o,2,3,"F,L;L,L",2,90,10,40
rnpvr6ycgo2o,3,1,"F,F;L,L",1,NA,3,NA
rnpvr6ycgo2o,3,1,"F,F;L,L",2,NA,2,NA
rnpvr6ycgo2o,3,2,"F,F;L,L",1,20,5,100
rnpvr6ycgo2o,3,2,"F,F;L,L",2,25,7,80
rnpvr6ycgo2o,3,3,"F,F;L,L",1,60,7,65
rnpvr6ycgo2o,3,3,"F,F;L,L",2,60,8,35
rnpvr6ycgo2o,4,1,"F,F;F,L",1,NA,4,NA
rnpvr6ycgo2o,4,1,"F,F;F,L",2,NA,2,NA
rnpvr6ycgo2o,4,2,"F,F;F,L",1,35,4,NA
rnpvr6ycgo2o,4,2,"F,F;F,L",2,15,5,100
rnpvr6ycgo2o,4,3,"F,F;F,L",1,30,3,NA
rnpvr6ycgo2o,4,3,"F,F;F,L",2,30,5,NA
rnpvr6ycgo2o,5,1,"L,L;L,L",1,NA,8,60
rnpvr6ycgo2o,5,1,"L,L;L,L",2,NA,7,65
rnpvr6ycgo2o,5,2,"L,L;L,L",1,70,9,55
rnpvr6ycgo2o,5,2,"L,L;L,L",2,60,8,65
rnpvr6ycgo2o,5,3,"L,L;L,L",1,75,9,50
rnpvr6ycgo2o,5,3,"L,L;L,L",2,75,9,50
rnpvr6ycgo2o,6,1,"F,L;F,L",1,NA,5,NA
rnpvr6ycgo2o,6,1,"F,L;F,L",2,NA,7,75
rnpvr6ycgo2o,6,2,"F,L;F,L",1,40,4,NA
rnpvr6ycgo2o,6,2,"F,L;F,L",2,55,8,50
rnpvr6ycgo2o,6,3,"F,L;F,L",1,45,5,70
rnpvr6ycgo2o,6,3,"F,L;F,L",2,45,8,30
vba451q8csbp,1,1,"F,F;L,L",1,NA,2,NA
vba451q8csbp,1,1,"F,F;L,L",2,NA,2,NA
vba451q8csbp,1,2,"F,F;L,L",1,1,5,5
vba451q8csbp,1,2,"F,F;L,L",2,1,5,5
vba451q8csbp,1,3,"F,F;L,L",1,10,5,5
vba451q8csbp,1,3,"F,F;L,L",2,10,5,5
vba451q8csbp,2,1,"F,F;F,F",1,NA,2,NA
vba451q8csbp,2,1,"F,F;F,F",2,NA,2,NA
vba451q8csbp,2,2,"F,F;F,F",1,3,1,NA
vba451q8csbp,2,2,"F,F;F,F",2,3,1,NA
vba451q8csbp,2,3,"F,F;F,F",1,4,1,NA
vba451q8csbp,2,3,"F,F;F,F",2,4,1,NA
vba451q8csbp,3,1,"L,L;L,L",1,NA,8,5
vba451q8csbp,3,1,"L,L;L,L",2,NA,8,5
vba451q8csbp,3,2,"L,L;L,L",1,100,10,50
vba451q8csbp,3,2,"L,L;L,L",2,100,10,50
vba451q8csbp,3,3,"L,L;L,L",1,100,10,25
vba451q8csbp,3,3,"L,L;L,L",2,100,10,25
vba451q8csbp,4,1,"F,L;L,L",1,NA,2,NA
vba451q8csbp,4,1,"F,L;L,L",2,NA,8,50
vba451q8csbp,4,2,"F,L;L,L",1,0,5,75
vba451q8csbp,4,2,"F,L;L,L",2,75,10,55
vba451q8csbp,4,3,"F,L;L,L",1,100,5,50
vba451q8csbp,4,3,"F,L;L,L",2,100,10,35
vba451q8csbp,5,1,"F,F;F,L",1,NA,2,NA
vba451q8csbp,5,1,"F,F;F,L",2,NA,2,NA
vba451q8csbp,5,2,"F,F;F,L",1,30,1,NA
vba451q8csbp,5,2,"F,F;F,L",2,30,5,75
vba451q8csbp,5,3,"F,F;F,L",1,85,1,NA
vba451q8csbp,5,3,"F,F;F,L",2,85,6,NA
vba451q8csbp,6,1,"F,L;F,L",1,NA,1,NA
vba451q8csbp,6,1,"F,L;F,L",2,NA,8,50
vba451q8csbp,6,2,"F,L;F,L",1,25,1,NA
vba451q8csbp,6,2,"F,L;F,L",2,75,10,65
vba451q8csbp,6,3,"F,L;F,L",1,85,2,10
vba451q8csbp,6,3,"F,L;F,L",2,85,10,90
wg6mfpqowbc9,1,1,"F,F;F,L",1,NA,5,NA
wg6mfpqowbc9,1,1,"F,F;F,L",2,NA,5,NA
wg6mfpqowbc9,1,2,"F,F;F,L",1,75,3,NA
wg6mfpqowbc9,1,2,"F,F;F,L",2,75,8,75
wg6mfpqowbc9,1,3,"F,F;F,L",1,100,1,NA
wg6mfpqowbc9,1,3,"F,F;F,L",2,100,7,NA
wg6mfpqowbc9,2,1,"F,L;F,L",1,NA,3,NA
wg6mfpqowbc9,2,1,"F,L;F,L",2,NA,8,60
wg6mfpqowbc9,2,2,"F,L;F,L",1,40,1,NA
wg6mfpqowbc9,2,2,"F,L;F,L",2,80,8,7
wg6mfpqowbc9,2,3,"F,L;F,L",1,60,2,100
wg6mfpqowbc9,2,3,"F,L;F,L",2,60,8,50
wg6mfpqowbc9,3,1,"F,F;F,F",1,NA,5,NA
wg6mfpqowbc9,3,1,"F,F;F,F",2,NA,5,NA
wg6mfpqowbc9,3,2,"F,F;F,F",1,30,2,NA
wg6mfpqowbc9,3,2,"F,F;F,F",2,30,2,NA
wg6mfpqowbc9,3,3,"F,F;F,F",1,20,2,NA
wg6mfpqowbc9,3,3,"F,F;F,F",2,20,2,NA
wg6mfpqowbc9,4,1,"L,L;L,L",1,NA,5,50
wg6mfpqowbc9,4,1,"L,L;L,L",2,NA,5,50
wg6mfpqowbc9,4,2,"L,L;L,L",1,80,5,75
wg6mfpqowbc9,4,2,"L,L;L,L",2,80,5,75
wg6mfpqowbc9,4,3,"L,L;L,L",1,100,5,50
wg6mfpqowbc9,4,3,"L,L;L,L",2,100,5,50
wg6mfpqowbc9,5,1,"F,L;L,L",1,NA,2,NA
wg6mfpqowbc9,5,1,"F,L;L,L",2,NA,5,50
wg6mfpqowbc9,5,2,"F,L;L,L",1,20,4,60
wg6mfpqowbc9,5,2,"F,L;L,L",2,60,6,40
wg6mfpqowbc9,5,3,"F,L;L,L",1,80,3,70
wg6mfpqowbc9,5,3,"F,L;L,L",2,80,7,30
wg6mfpqowbc9,6,1,"F,F;L,L",1,NA,2,NA
wg6mfpqowbc9,6,1,"F,F;L,L",2,NA,2,NA
wg6mfpqowbc9,6,2,"F,F;L,L",1,20,4,60
wg6mfpqowbc9,6,2,"F,F;L,L",2,20,4,60
wg6mfpqowbc9,6,3,"F,F;L,L",1,50,5,50
wg6mfpqowbc9,6,3,"F,F;L,L",2,50,5,50
wvjpnclrg799,1,1,"F,F;F,F",1,NA,5,NA
wvjpnclrg799,1,1,"F,F;F,F",2,NA,5,NA
wvjpnclrg799,1,2,"F,F;F,F",1,90,5,NA
wvjpnclrg799,1,2,"F,F;F,F",2,90,5,NA
wvjpnclrg799,1,3,"F,F;F,F",1,95,3,NA
wvjpnclrg799,1,3,"F,F;F,F",2,95,3,NA
wvjpnclrg799,2,1,"F,F;F,L",1,NA,3,NA
wvjpnclrg799,2,1,"F,F;F,L",2,NA,4,NA
wvjpnclrg799,2,2,"F,F;F,L",1,75,7,NA
wvjpnclrg799,2,2,"F,F;F,L",2,95,9,99
wvjpnclrg799,2,3,"F,F;F,L",1,45,3,NA
wvjpnclrg799,2,3,"F,F;F,L",2,45,8,NA
wvjpnclrg799,3,1,"L,L;L,L",1,NA,8,80
wvjpnclrg799,3,1,"L,L;L,L",2,NA,8,80
wvjpnclrg799,3,2,"L,L;L,L",1,95,8,95
wvjpnclrg799,3,2,"L,L;L,L",2,95,8,95
wvjpnclrg799,3,3,"L,L;L,L",1,99,8,98
wvjpnclrg799,3,3,"L,L;L,L",2,99,8,98
wvjpnclrg799,4,1,"F,L;L,L",1,NA,2,NA
wvjpnclrg799,4,1,"F,L;L,L",2,NA,5,55
wvjpnclrg799,4,2,"F,L;L,L",1,20,6,55
wvjpnclrg799,4,2,"F,L;L,L",2,55,6,55
wvjpnclrg799,4,3,"F,L;L,L",1,99,6,95
wvjpnclrg799,4,3,"F,L;L,L",2,99,6,95
wvjpnclrg799,5,1,"F,L;F,L",1,NA,2,NA
wvjpnclrg799,5,1,"F,L;F,L",2,NA,5,55
wvjpnclrg799,5,2,"F,L;F,L",1,55,2,NA
wvjpnclrg799,5,2,"F,L;F,L",2,98,6,55
wvjpnclrg799,5,3,"F,L;F,L",1,55,2,2
wvjpnclrg799,5,3,"F,L;F,L",2,55,6,6
wvjpnclrg799,6,1,"F,F;L,L",1,NA,3,NA
wvjpnclrg799,6,1,"F,F;L,L",2,NA,3,NA
wvjpnclrg799,6,2,"F,F;L,L",1,60,8,98
wvjpnclrg799,6,2,"F,F;L,L",2,60,8,98
wvjpnclrg799,6,3,"F,F;L,L",1,98,8,98
wvjpnclrg799,6,3,"F,F;L,L",2,98,8,98
xzup83qzymb2,1,1,"L,L;L,L",1,NA,6,50
xzup83qzymb2,1,1,"L,L;L,L",2,NA,6,50
xzup83qzymb2,1,2,"L,L;L,L",1,90,6,50
xzup83qzymb2,1,2,"L,L;L,L",2,90,6,50
xzup83qzymb2,1,3,"L,L;L,L",1,95,6,50
xzup83qzymb2,1,3,"L,L;L,L",2,95,6,50
xzup83qzymb2,2,1,"F,L;F,L",1,NA,3,NA
xzup83qzymb2,2,1,"F,L;F,L",2,NA,6,50
xzup83qzymb2,2,2,"F,L;F,L",1,30,2,NA
xzup83qzymb2,2,2,"F,L;F,L",2,85,6,50
xzup83qzymb2,2,3,"F,L;F,L",1,70,3,35
xzup83qzymb2,2,3,"F,L;F,L",2,70,6,50
xzup83qzymb2,3,1,"F,F;L,L",1,NA,3,NA
xzup83qzymb2,3,1,"F,F;L,L",2,NA,3,NA
xzup83qzymb2,3,2,"F,F;L,L",1,40,5,50
xzup83qzymb2,3,2,"F,F;L,L",2,40,5,50
xzup83qzymb2,3,3,"F,F;L,L",1,90,5,50
xzup83qzymb2,3,3,"F,F;L,L",2,90,5,50
xzup83qzymb2,4,1,"F,L;L,L",1,NA,3,NA
xzup83qzymb2,4,1,"F,L;L,L",2,NA,5,50
xzup83qzymb2,4,2,"F,L;L,L",1,40,5,50
xzup83qzymb2,4,2,"F,L;L,L",2,90,5,50
xzup83qzymb2,4,3,"F,L;L,L",1,90,5,50
xzup83qzymb2,4,3,"F,L;L,L",2,90,5,50
xzup83qzymb2,5,1,"F,F;F,L",1,NA,3,NA
xzup83qzymb2,5,1,"F,F;F,L",2,NA,3,NA
xzup83qzymb2,5,2,"F,F;F,L",1,40,1,NA
xzup83qzymb2,5,2,"F,F;F,L",2,40,5,50
xzup83qzymb2,5,3,"F,F;F,L",1,90,1,NA
xzup83qzymb2,5,3,"F,F;F,L",2,90,4,NA
xzup83qzymb2,6,1,"F,F;F,F",1,NA,3,NA
xzup83qzymb2,6,1,"F,F;F,F",2,NA,3,NA
xzup83qzymb2,6,2,"F,F;F,F",1,40,1,NA
xzup83qzymb2,6,2,"F,F;F,F",2,40,1,NA
xzup83qzymb2,6,3,"F,F;F,F",1,25,1,NA
xzup83qzymb2,6,3,"F,F;F,F",2,25,1,NA
ynatc4ohtcll,1,1,"F,F;F,F",1,NA,3,NA
ynatc4ohtcll,1,1,"F,F;F,F",2,NA,3,NA
ynatc4ohtcll,1,2,"F,F;F,F",1,50,2,NA
ynatc4ohtcll,1,2,"F,F;F,F",2,50,2,NA
ynatc4ohtcll,1,3,"F,F;F,F",1,4,3,NA
ynatc4ohtcll,1,3,"F,F;F,F",2,4,3,NA
ynatc4ohtcll,2,1,"F,F;L,L",1,NA,4,NA
ynatc4ohtcll,2,1,"F,F;L,L",2,NA,4,NA
ynatc4ohtcll,2,2,"F,F;L,L",1,50,5,75
ynatc4ohtcll,2,2,"F,F;L,L",2,50,5,75
ynatc4ohtcll,2,3,"F,F;L,L",1,90,5,50
ynatc4ohtcll,2,3,"F,F;L,L",2,90,5,50
ynatc4ohtcll,3,1,"L,L;L,L",1,NA,7,50
ynatc4ohtcll,3,1,"L,L;L,L",2,NA,7,50
ynatc4ohtcll,3,2,"L,L;L,L",1,90,7,60
ynatc4ohtcll,3,2,"L,L;L,L",2,90,7,60
ynatc4ohtcll,3,3,"L,L;L,L",1,95,7,60
ynatc4ohtcll,3,3,"L,L;L,L",2,95,7,60
ynatc4ohtcll,4,1,"F,L;L,L",1,NA,4,NA
ynatc4ohtcll,4,1,"F,L;L,L",2,NA,6,60
ynatc4ohtcll,4,2,"F,L;L,L",1,60,4,60
ynatc4ohtcll,4,2,"F,L;L,L",2,80,7,50
ynatc4ohtcll,4,3,"F,L;L,L",1,80,5,50
ynatc4ohtcll,4,3,"F,L;L,L",2,80,7,40
ynatc4ohtcll,5,1,"F,L;F,L",1,NA,5,NA
ynatc4ohtcll,5,1,"F,L;F,L",2,NA,7,60
ynatc4ohtcll,5,2,"F,L;F,L",1,50,3,NA
ynatc4ohtcll,5,2,"F,L;F,L",2,75,7,60
ynatc4ohtcll,5,3,"F,L;F,L",1,75,3,75
ynatc4ohtcll,5,3,"F,L;F,L",2,75,7,50
ynatc4ohtcll,6,1,"F,F;F,L",1,NA,3,NA
ynatc4ohtcll,6,1,"F,F;F,L",2,NA,3,NA
ynatc4ohtcll,6,2,"F,F;F,L",1,50,3,NA
ynatc4ohtcll,6,2,"F,F;F,L",2,50,6,100
ynatc4ohtcll,6,3,"F,F;F,L",1,30,3,NA
ynatc4ohtcll,6,3,"F,F;F,L",2,30,6,NA
yuwq5pleqcfb,1,1,"F,F;L,L",1,NA,4,NA
yuwq5pleqcfb,1,1,"F,F;L,L",2,NA,4,NA
yuwq5pleqcfb,1,2,"F,F;L,L",1,40,6,90
yuwq5pleqcfb,1,2,"F,F;L,L",2,40,6,90
yuwq5pleqcfb,1,3,"F,F;L,L",1,90,6,70
yuwq5pleqcfb,1,3,"F,F;L,L",2,90,6,70
yuwq5pleqcfb,2,1,"F,L;F,L",1,NA,3,NA
yuwq5pleqcfb,2,1,"F,L;F,L",2,NA,8,90
yuwq5pleqcfb,2,2,"F,L;F,L",1,40,3,NA
yuwq5pleqcfb,2,2,"F,L;F,L",2,95,8,100
yuwq5pleqcfb,2,3,"F,L;F,L",1,100,3,100
yuwq5pleqcfb,2,3,"F,L;F,L",2,100,8,80
yuwq5pleqcfb,3,1,"F,F;F,L",1,NA,3,NA
yuwq5pleqcfb,3,1,"F,F;F,L",2,NA,3,NA
yuwq5pleqcfb,3,2,"F,F;F,L",1,25,3,NA
yuwq5pleqcfb,3,2,"F,F;F,L",2,25,6,100
yuwq5pleqcfb,3,3,"F,F;F,L",1,95,1,NA
yuwq5pleqcfb,3,3,"F,F;F,L",2,95,5,NA
yuwq5pleqcfb,4,1,"L,L;L,L",1,NA,8,90
yuwq5pleqcfb,4,1,"L,L;L,L",2,NA,8,90
yuwq5pleqcfb,4,2,"L,L;L,L",1,95,9,100
yuwq5pleqcfb,4,2,"L,L;L,L",2,95,9,100
yuwq5pleqcfb,4,3,"L,L;L,L",1,100,8,80
yuwq5pleqcfb,4,3,"L,L;L,L",2,100,8,80
yuwq5pleqcfb,5,1,"F,F;F,F",1,NA,3,NA
yuwq5pleqcfb,5,1,"F,F;F,F",2,NA,3,NA
yuwq5pleqcfb,5,2,"F,F;F,F",1,60,1,NA
yuwq5pleqcfb,5,2,"F,F;F,F",2,60,1,NA
yuwq5pleqcfb,5,3,"F,F;F,F",1,50,1,NA
yuwq5pleqcfb,5,3,"F,F;F,F",2,50,1,NA
yuwq5pleqcfb,6,1,"F,L;L,L",1,NA,2,NA
yuwq5pleqcfb,6,1,"F,L;L,L",2,NA,7,90
yuwq5pleqcfb,6,2,"F,L;L,L",1,35,6,100
yuwq5pleqcfb,6,2,"F,L;L,L",2,100,9,90
yuwq5pleqcfb,6,3,"F,L;L,L",1,100,6,100
yuwq5pleqcfb,6,3,"F,L;L,L",2,100,9,90
